
/* INSERT QUERY NO: 1 */
INSERT INTO CUSTOMER(CUSTOMER_ID, FIRST_NAME, LAST_NAME, GENDER, EMAIL_ID, CONTACT, SSN_NUMBER, CUSTOMER_TYPE, DATE_OF_BIRTH)
VALUES
(
CUSTOMER_SEQ.NEXTVAL, 'Lane', 'Hancock', 'M', 'l_hancock@northeastern.edu', 1046668389, 512180980, 'REGISTERED', '27-May-97'
);

/* INSERT QUERY NO: 2 */
INSERT INTO CUSTOMER(CUSTOMER_ID, FIRST_NAME, LAST_NAME, GENDER, EMAIL_ID, CONTACT, SSN_NUMBER, CUSTOMER_TYPE, DATE_OF_BIRTH)
VALUES
(
CUSTOMER_SEQ.NEXTVAL, 'Amaya', 'Kemp', 'F', 'kemp-amaya7556@northeastern.edu', 4608162164, 656709636, 'CASUAL', '4-Mar-02'
);

/* INSERT QUERY NO: 3 */
INSERT INTO CUSTOMER(CUSTOMER_ID, FIRST_NAME, LAST_NAME, GENDER, EMAIL_ID, CONTACT, SSN_NUMBER, CUSTOMER_TYPE, DATE_OF_BIRTH)
VALUES
(
CUSTOMER_SEQ.NEXTVAL, 'Kim', 'Fry', 'M', 'k.fry6167@northeastern.edu', 6669241976, 353254114, 'CASUAL', '21-Mar-90'
);

/* INSERT QUERY NO: 4 */
INSERT INTO CUSTOMER(CUSTOMER_ID, FIRST_NAME, LAST_NAME, GENDER, EMAIL_ID, CONTACT, SSN_NUMBER, CUSTOMER_TYPE, DATE_OF_BIRTH)
VALUES
(
CUSTOMER_SEQ.NEXTVAL, 'Maggie', 'Suarez', 'M', 'm_suarez8657@northeastern.edu', 1756179380, 347952361, 'REGISTERED', '14-May-04'
);

/* INSERT QUERY NO: 5 */
INSERT INTO CUSTOMER(CUSTOMER_ID, FIRST_NAME, LAST_NAME, GENDER, EMAIL_ID, CONTACT, SSN_NUMBER, CUSTOMER_TYPE, DATE_OF_BIRTH)
VALUES
(
CUSTOMER_SEQ.NEXTVAL, 'Benedict', 'Vincent', 'F', 'vbenedict988@northeastern.edu', 8821017797, 148733163, 'REGISTERED', '31-Mar-80'
);

/* INSERT QUERY NO: 6 */
INSERT INTO CUSTOMER(CUSTOMER_ID, FIRST_NAME, LAST_NAME, GENDER, EMAIL_ID, CONTACT, SSN_NUMBER, CUSTOMER_TYPE, DATE_OF_BIRTH)
VALUES
(
CUSTOMER_SEQ.NEXTVAL, 'Hanna', 'Manning', 'F', 'hanna_manning@northeastern.edu', 6857935814, 566648915, 'CASUAL', '8-Jul-94'
);

/* INSERT QUERY NO: 7 */
INSERT INTO CUSTOMER(CUSTOMER_ID, FIRST_NAME, LAST_NAME, GENDER, EMAIL_ID, CONTACT, SSN_NUMBER, CUSTOMER_TYPE, DATE_OF_BIRTH)
VALUES
(
CUSTOMER_SEQ.NEXTVAL, 'Aileen', 'Whitaker', 'M', 'a_whitaker6581@northeastern.edu', 7330882688, 228525602, 'REGISTERED', '1-Mar-09'
);

/* INSERT QUERY NO: 8 */
INSERT INTO CUSTOMER(CUSTOMER_ID, FIRST_NAME, LAST_NAME, GENDER, EMAIL_ID, CONTACT, SSN_NUMBER, CUSTOMER_TYPE, DATE_OF_BIRTH)
VALUES
(
CUSTOMER_SEQ.NEXTVAL, 'Roanna', 'Frank', 'M', 'r.frank@northeastern.edu', 5342368627, 159669759, 'REGISTERED', '13-Sep-85'
);

/* INSERT QUERY NO: 9 */
INSERT INTO CUSTOMER(CUSTOMER_ID, FIRST_NAME, LAST_NAME, GENDER, EMAIL_ID, CONTACT, SSN_NUMBER, CUSTOMER_TYPE, DATE_OF_BIRTH)
VALUES
(
CUSTOMER_SEQ.NEXTVAL, 'Callum', 'Mcguire', 'M', 'mcallum@northeastern.edu', 4835875931, 215173668, 'REGISTERED', '19-Aug-14'
);

/* INSERT QUERY NO: 10 */
INSERT INTO CUSTOMER(CUSTOMER_ID, FIRST_NAME, LAST_NAME, GENDER, EMAIL_ID, CONTACT, SSN_NUMBER, CUSTOMER_TYPE, DATE_OF_BIRTH)
VALUES
(
CUSTOMER_SEQ.NEXTVAL, 'Marvin', 'May', 'F', 'm_marvin6560@northeastern.edu', 2681408269, 549671420, 'REGISTERED', '24-Oct-03'
);

/* INSERT QUERY NO: 11 */
INSERT INTO CUSTOMER(CUSTOMER_ID, FIRST_NAME, LAST_NAME, GENDER, EMAIL_ID, CONTACT, SSN_NUMBER, CUSTOMER_TYPE, DATE_OF_BIRTH)
VALUES
(
CUSTOMER_SEQ.NEXTVAL, 'Derek', 'Hogan', 'M', 'd-hogan3967@northeastern.edu', 1431015079, 415701222, 'REGISTERED', '2-Nov-80'
);

/* INSERT QUERY NO: 12 */
INSERT INTO CUSTOMER(CUSTOMER_ID, FIRST_NAME, LAST_NAME, GENDER, EMAIL_ID, CONTACT, SSN_NUMBER, CUSTOMER_TYPE, DATE_OF_BIRTH)
VALUES
(
CUSTOMER_SEQ.NEXTVAL, 'Joshua', 'Rojas', 'M', 'j_rojas7922@northeastern.edu', 3547506852, 230643453, 'CASUAL', '9-Sep-86'
);

/* INSERT QUERY NO: 13 */
INSERT INTO CUSTOMER(CUSTOMER_ID, FIRST_NAME, LAST_NAME, GENDER, EMAIL_ID, CONTACT, SSN_NUMBER, CUSTOMER_TYPE, DATE_OF_BIRTH)
VALUES
(
CUSTOMER_SEQ.NEXTVAL, 'Erasmus', 'James', 'M', 'ejames@northeastern.edu', 5326364754, 299361955, 'CASUAL', '18-May-85'
);

/* INSERT QUERY NO: 14 */
INSERT INTO CUSTOMER(CUSTOMER_ID, FIRST_NAME, LAST_NAME, GENDER, EMAIL_ID, CONTACT, SSN_NUMBER, CUSTOMER_TYPE, DATE_OF_BIRTH)
VALUES
(
CUSTOMER_SEQ.NEXTVAL, 'Francis', 'Barton', 'F', 'f_barton665@northeastern.edu', 5422841665, 804153119, 'REGISTERED', '25-Mar-20'
);

/* INSERT QUERY NO: 15 */
INSERT INTO CUSTOMER(CUSTOMER_ID, FIRST_NAME, LAST_NAME, GENDER, EMAIL_ID, CONTACT, SSN_NUMBER, CUSTOMER_TYPE, DATE_OF_BIRTH)
VALUES
(
CUSTOMER_SEQ.NEXTVAL, 'Herman', 'Carver', 'F', 'hcarver575@northeastern.edu', 6888209391, 741234380, 'REGISTERED', '22-Jun-12'
);

/* INSERT QUERY NO: 16 */
INSERT INTO CUSTOMER(CUSTOMER_ID, FIRST_NAME, LAST_NAME, GENDER, EMAIL_ID, CONTACT, SSN_NUMBER, CUSTOMER_TYPE, DATE_OF_BIRTH)
VALUES
(
CUSTOMER_SEQ.NEXTVAL, 'Scarlet', 'Graham', 'M', 'grahamscarlet8520@northeastern.edu', 4692458516, 914912896, 'CASUAL', '6-Apr-00'
);

/* INSERT QUERY NO: 17 */
INSERT INTO CUSTOMER(CUSTOMER_ID, FIRST_NAME, LAST_NAME, GENDER, EMAIL_ID, CONTACT, SSN_NUMBER, CUSTOMER_TYPE, DATE_OF_BIRTH)
VALUES
(
CUSTOMER_SEQ.NEXTVAL, 'Brett', 'Mcintosh', 'M', 'brett_mcintosh2795@northeastern.edu', 2684926977, 340982757, 'REGISTERED', '20-Jan-96'
);

/* INSERT QUERY NO: 18 */
INSERT INTO CUSTOMER(CUSTOMER_ID, FIRST_NAME, LAST_NAME, GENDER, EMAIL_ID, CONTACT, SSN_NUMBER, CUSTOMER_TYPE, DATE_OF_BIRTH)
VALUES
(
CUSTOMER_SEQ.NEXTVAL, 'Colorado', 'Greene', 'F', 'greene_colorado6523@northeastern.edu', 8078565525, 310563147, 'CASUAL', '24-Sep-92'
);

/* INSERT QUERY NO: 19 */
INSERT INTO CUSTOMER(CUSTOMER_ID, FIRST_NAME, LAST_NAME, GENDER, EMAIL_ID, CONTACT, SSN_NUMBER, CUSTOMER_TYPE, DATE_OF_BIRTH)
VALUES
(
CUSTOMER_SEQ.NEXTVAL, 'Aurora', 'Marshall', 'F', 'aurora-marshall8116@northeastern.edu', 7263734142, 684294247, 'REGISTERED', '22-Jan-07'
);

/* INSERT QUERY NO: 20 */
INSERT INTO CUSTOMER(CUSTOMER_ID, FIRST_NAME, LAST_NAME, GENDER, EMAIL_ID, CONTACT, SSN_NUMBER, CUSTOMER_TYPE, DATE_OF_BIRTH)
VALUES
(
CUSTOMER_SEQ.NEXTVAL, 'Aurelia', 'Hayes', 'F', 'hayes_aurelia5156@northeastern.edu', 3373988183, 131569406, 'CASUAL', '22-Jun-08'
);

/* INSERT QUERY NO: 21 */
INSERT INTO CUSTOMER(CUSTOMER_ID, FIRST_NAME, LAST_NAME, GENDER, EMAIL_ID, CONTACT, SSN_NUMBER, CUSTOMER_TYPE, DATE_OF_BIRTH)
VALUES
(
CUSTOMER_SEQ.NEXTVAL, 'Alisa', 'Knowles', 'F', 'a.knowles981@northeastern.edu', 2233465228, 935142207, 'CASUAL', '28-Jan-84'
);

/* INSERT QUERY NO: 22 */
INSERT INTO CUSTOMER(CUSTOMER_ID, FIRST_NAME, LAST_NAME, GENDER, EMAIL_ID, CONTACT, SSN_NUMBER, CUSTOMER_TYPE, DATE_OF_BIRTH)
VALUES
(
CUSTOMER_SEQ.NEXTVAL, 'Megan', 'Watkins', 'F', 'mwatkins6406@northeastern.edu', 6155306191, 851310961, 'REGISTERED', '29-Sep-91'
);

/* INSERT QUERY NO: 23 */
INSERT INTO CUSTOMER(CUSTOMER_ID, FIRST_NAME, LAST_NAME, GENDER, EMAIL_ID, CONTACT, SSN_NUMBER, CUSTOMER_TYPE, DATE_OF_BIRTH)
VALUES
(
CUSTOMER_SEQ.NEXTVAL, 'Allistair', 'Haney', 'F', 'h.allistair@northeastern.edu', 5679074114, 959484147, 'CASUAL', '7-Apr-97'
);

/* INSERT QUERY NO: 24 */
INSERT INTO CUSTOMER(CUSTOMER_ID, FIRST_NAME, LAST_NAME, GENDER, EMAIL_ID, CONTACT, SSN_NUMBER, CUSTOMER_TYPE, DATE_OF_BIRTH)
VALUES
(
CUSTOMER_SEQ.NEXTVAL, 'Brooke', 'Stevens', 'F', 'stevensbrooke@northeastern.edu', 7857442498, 453780004, 'REGISTERED', '21-Jul-94'
);

/* INSERT QUERY NO: 25 */
INSERT INTO CUSTOMER(CUSTOMER_ID, FIRST_NAME, LAST_NAME, GENDER, EMAIL_ID, CONTACT, SSN_NUMBER, CUSTOMER_TYPE, DATE_OF_BIRTH)
VALUES
(
CUSTOMER_SEQ.NEXTVAL, 'Wendy', 'Mann', 'F', 'wendy-mann@northeastern.edu', 4052136966, 905797896, 'CASUAL', '20-Feb-03'
);

/* INSERT QUERY NO: 26 */
INSERT INTO CUSTOMER(CUSTOMER_ID, FIRST_NAME, LAST_NAME, GENDER, EMAIL_ID, CONTACT, SSN_NUMBER, CUSTOMER_TYPE, DATE_OF_BIRTH)
VALUES
(
CUSTOMER_SEQ.NEXTVAL, 'Dacey', 'Crosby', 'M', 'c-dacey4667@northeastern.edu', 6194255270, 445240769, 'REGISTERED', '19-Feb-99'
);

/* INSERT QUERY NO: 27 */
INSERT INTO CUSTOMER(CUSTOMER_ID, FIRST_NAME, LAST_NAME, GENDER, EMAIL_ID, CONTACT, SSN_NUMBER, CUSTOMER_TYPE, DATE_OF_BIRTH)
VALUES
(
CUSTOMER_SEQ.NEXTVAL, 'Gage', 'Carlson', 'M', 'g.carlson7874@northeastern.edu', 3059766915, 312695425, 'REGISTERED', '22-Mar-99'
);

/* INSERT QUERY NO: 28 */
INSERT INTO CUSTOMER(CUSTOMER_ID, FIRST_NAME, LAST_NAME, GENDER, EMAIL_ID, CONTACT, SSN_NUMBER, CUSTOMER_TYPE, DATE_OF_BIRTH)
VALUES
(
CUSTOMER_SEQ.NEXTVAL, 'Donna', 'Hart', 'M', 'dhart5108@northeastern.edu', 9427091459, 375020156, 'CASUAL', '10-Apr-19'
);

/* INSERT QUERY NO: 29 */
INSERT INTO CUSTOMER(CUSTOMER_ID, FIRST_NAME, LAST_NAME, GENDER, EMAIL_ID, CONTACT, SSN_NUMBER, CUSTOMER_TYPE, DATE_OF_BIRTH)
VALUES
(
CUSTOMER_SEQ.NEXTVAL, 'Malcolm', 'Mcdaniel', 'M', 'mcdaniel.malcolm7705@northeastern.edu', 5621325676, 493077015, 'CASUAL', '2-Nov-09'
);

/* INSERT QUERY NO: 30 */
INSERT INTO CUSTOMER(CUSTOMER_ID, FIRST_NAME, LAST_NAME, GENDER, EMAIL_ID, CONTACT, SSN_NUMBER, CUSTOMER_TYPE, DATE_OF_BIRTH)
VALUES
(
CUSTOMER_SEQ.NEXTVAL, 'Joan', 'Decker', 'F', 'j.decker1710@northeastern.edu', 4436569220, 837265744, 'CASUAL', '17-Aug-88'
);

/* INSERT QUERY NO: 31 */
INSERT INTO CUSTOMER(CUSTOMER_ID, FIRST_NAME, LAST_NAME, GENDER, EMAIL_ID, CONTACT, SSN_NUMBER, CUSTOMER_TYPE, DATE_OF_BIRTH)
VALUES
(
CUSTOMER_SEQ.NEXTVAL, 'Kiayada', 'Wilcox', 'M', 'wilcoxkiayada3831@northeastern.edu', 8020764227, 253175840, 'REGISTERED', '23-Jul-18'
);

/* INSERT QUERY NO: 32 */
INSERT INTO CUSTOMER(CUSTOMER_ID, FIRST_NAME, LAST_NAME, GENDER, EMAIL_ID, CONTACT, SSN_NUMBER, CUSTOMER_TYPE, DATE_OF_BIRTH)
VALUES
(
CUSTOMER_SEQ.NEXTVAL, 'Conan', 'Beck', 'F', 'b_conan8546@northeastern.edu', 9078592135, 851011106, 'REGISTERED', '3-Sep-01'
);

/* INSERT QUERY NO: 33 */
INSERT INTO CUSTOMER(CUSTOMER_ID, FIRST_NAME, LAST_NAME, GENDER, EMAIL_ID, CONTACT, SSN_NUMBER, CUSTOMER_TYPE, DATE_OF_BIRTH)
VALUES
(
CUSTOMER_SEQ.NEXTVAL, 'Rigel', 'Copeland', 'F', 'r_copeland@northeastern.edu', 1590595773, 922959550, 'REGISTERED', '8-May-06'
);

/* INSERT QUERY NO: 34 */
INSERT INTO CUSTOMER(CUSTOMER_ID, FIRST_NAME, LAST_NAME, GENDER, EMAIL_ID, CONTACT, SSN_NUMBER, CUSTOMER_TYPE, DATE_OF_BIRTH)
VALUES
(
CUSTOMER_SEQ.NEXTVAL, 'Charity', 'Boyer', 'F', 'b-charity1704@northeastern.edu', 5870077220, 576947618, 'REGISTERED', '24-Oct-81'
);

/* INSERT QUERY NO: 35 */
INSERT INTO CUSTOMER(CUSTOMER_ID, FIRST_NAME, LAST_NAME, GENDER, EMAIL_ID, CONTACT, SSN_NUMBER, CUSTOMER_TYPE, DATE_OF_BIRTH)
VALUES
(
CUSTOMER_SEQ.NEXTVAL, 'Steel', 'Gamble', 'F', 's-gamble8409@northeastern.edu', 6022093481, 304754333, 'CASUAL', '26-Oct-13'
);

/* INSERT QUERY NO: 36 */
INSERT INTO CUSTOMER(CUSTOMER_ID, FIRST_NAME, LAST_NAME, GENDER, EMAIL_ID, CONTACT, SSN_NUMBER, CUSTOMER_TYPE, DATE_OF_BIRTH)
VALUES
(
CUSTOMER_SEQ.NEXTVAL, 'Nita', 'Sargent', 'F', 'n.sargent@northeastern.edu', 9713619197, 925803012, 'REGISTERED', '26-May-10'
);

/* INSERT QUERY NO: 37 */
INSERT INTO CUSTOMER(CUSTOMER_ID, FIRST_NAME, LAST_NAME, GENDER, EMAIL_ID, CONTACT, SSN_NUMBER, CUSTOMER_TYPE, DATE_OF_BIRTH)
VALUES
(
CUSTOMER_SEQ.NEXTVAL, 'Brent', 'Long', 'F', 'brent.long@northeastern.edu', 7066025858, 453763880, 'CASUAL', '4-Apr-88'
);

/* INSERT QUERY NO: 38 */
INSERT INTO CUSTOMER(CUSTOMER_ID, FIRST_NAME, LAST_NAME, GENDER, EMAIL_ID, CONTACT, SSN_NUMBER, CUSTOMER_TYPE, DATE_OF_BIRTH)
VALUES
(
CUSTOMER_SEQ.NEXTVAL, 'Olympia', 'Wilson', 'F', 'o_wilson9960@northeastern.edu', 7324388534, 417081481, 'CASUAL', '30-Jan-84'
);

/* INSERT QUERY NO: 39 */
INSERT INTO CUSTOMER(CUSTOMER_ID, FIRST_NAME, LAST_NAME, GENDER, EMAIL_ID, CONTACT, SSN_NUMBER, CUSTOMER_TYPE, DATE_OF_BIRTH)
VALUES
(
CUSTOMER_SEQ.NEXTVAL, 'Jelani', 'Burton', 'F', 'b_jelani7204@northeastern.edu', 5949542463, 908334322, 'REGISTERED', '9-Aug-09'
);

/* INSERT QUERY NO: 40 */
INSERT INTO CUSTOMER(CUSTOMER_ID, FIRST_NAME, LAST_NAME, GENDER, EMAIL_ID, CONTACT, SSN_NUMBER, CUSTOMER_TYPE, DATE_OF_BIRTH)
VALUES
(
CUSTOMER_SEQ.NEXTVAL, 'Keaton', 'Ashley', 'M', 'keaton-ashley@northeastern.edu', 9840788477, 709504535, 'REGISTERED', '1-May-84'
);

/* INSERT QUERY NO: 41 */
INSERT INTO CUSTOMER(CUSTOMER_ID, FIRST_NAME, LAST_NAME, GENDER, EMAIL_ID, CONTACT, SSN_NUMBER, CUSTOMER_TYPE, DATE_OF_BIRTH)
VALUES
(
CUSTOMER_SEQ.NEXTVAL, 'Desiree', 'Conner', 'F', 'cdesiree@northeastern.edu', 6648397249, 796185720, 'REGISTERED', '19-May-99'
);

/* INSERT QUERY NO: 42 */
INSERT INTO CUSTOMER(CUSTOMER_ID, FIRST_NAME, LAST_NAME, GENDER, EMAIL_ID, CONTACT, SSN_NUMBER, CUSTOMER_TYPE, DATE_OF_BIRTH)
VALUES
(
CUSTOMER_SEQ.NEXTVAL, 'Bethany', 'Larson', 'M', 'larson.bethany3341@northeastern.edu', 6115183531, 916096163, 'REGISTERED', '27-Apr-13'
);

/* INSERT QUERY NO: 43 */
INSERT INTO CUSTOMER(CUSTOMER_ID, FIRST_NAME, LAST_NAME, GENDER, EMAIL_ID, CONTACT, SSN_NUMBER, CUSTOMER_TYPE, DATE_OF_BIRTH)
VALUES
(
CUSTOMER_SEQ.NEXTVAL, 'Ila', 'Wheeler', 'F', 'wheeler-ila@northeastern.edu', 3025949372, 587341739, 'CASUAL', '8-May-84'
);

/* INSERT QUERY NO: 44 */
INSERT INTO CUSTOMER(CUSTOMER_ID, FIRST_NAME, LAST_NAME, GENDER, EMAIL_ID, CONTACT, SSN_NUMBER, CUSTOMER_TYPE, DATE_OF_BIRTH)
VALUES
(
CUSTOMER_SEQ.NEXTVAL, 'Coby', 'Dean', 'M', 'dean_coby2409@northeastern.edu', 5399170028, 508368739, 'REGISTERED', '7-Jan-84'
);

/* INSERT QUERY NO: 45 */
INSERT INTO CUSTOMER(CUSTOMER_ID, FIRST_NAME, LAST_NAME, GENDER, EMAIL_ID, CONTACT, SSN_NUMBER, CUSTOMER_TYPE, DATE_OF_BIRTH)
VALUES
(
CUSTOMER_SEQ.NEXTVAL, 'Giselle', 'Yates', 'M', 'y_giselle7393@northeastern.edu', 9672286972, 610064210, 'REGISTERED', '30-Mar-87'
);

/* INSERT QUERY NO: 46 */
INSERT INTO CUSTOMER(CUSTOMER_ID, FIRST_NAME, LAST_NAME, GENDER, EMAIL_ID, CONTACT, SSN_NUMBER, CUSTOMER_TYPE, DATE_OF_BIRTH)
VALUES
(
CUSTOMER_SEQ.NEXTVAL, 'Judith', 'Kirk', 'F', 'kirk_judith1415@northeastern.edu', 1800079174, 665792164, 'REGISTERED', '14-Jul-88'
);

/* INSERT QUERY NO: 47 */
INSERT INTO CUSTOMER(CUSTOMER_ID, FIRST_NAME, LAST_NAME, GENDER, EMAIL_ID, CONTACT, SSN_NUMBER, CUSTOMER_TYPE, DATE_OF_BIRTH)
VALUES
(
CUSTOMER_SEQ.NEXTVAL, 'Keaton', 'Gilliam', 'M', 'gilliamkeaton5378@northeastern.edu', 2264264764, 854957054, 'REGISTERED', '4-Dec-06'
);

/* INSERT QUERY NO: 48 */
INSERT INTO CUSTOMER(CUSTOMER_ID, FIRST_NAME, LAST_NAME, GENDER, EMAIL_ID, CONTACT, SSN_NUMBER, CUSTOMER_TYPE, DATE_OF_BIRTH)
VALUES
(
CUSTOMER_SEQ.NEXTVAL, 'Burke', 'Carson', 'M', 'b.carson1395@northeastern.edu', 9687818057, 672673140, 'REGISTERED', '5-Jan-16'
);

/* INSERT QUERY NO: 49 */
INSERT INTO CUSTOMER(CUSTOMER_ID, FIRST_NAME, LAST_NAME, GENDER, EMAIL_ID, CONTACT, SSN_NUMBER, CUSTOMER_TYPE, DATE_OF_BIRTH)
VALUES
(
CUSTOMER_SEQ.NEXTVAL, 'Merrill', 'Barry', 'M', 'b_merrill5998@northeastern.edu', 8947169953, 993864117, 'REGISTERED', '30-Dec-96'
);

/* INSERT QUERY NO: 50 */
INSERT INTO CUSTOMER(CUSTOMER_ID, FIRST_NAME, LAST_NAME, GENDER, EMAIL_ID, CONTACT, SSN_NUMBER, CUSTOMER_TYPE, DATE_OF_BIRTH)
VALUES
(
CUSTOMER_SEQ.NEXTVAL, 'Zoe', 'Coleman', 'M', 'czoe@northeastern.edu', 9071980593, 783481973, 'REGISTERED', '4-Feb-93'
);

/* INSERT QUERY NO: 51 */
INSERT INTO CUSTOMER(CUSTOMER_ID, FIRST_NAME, LAST_NAME, GENDER, EMAIL_ID, CONTACT, SSN_NUMBER, CUSTOMER_TYPE, DATE_OF_BIRTH)
VALUES
(
CUSTOMER_SEQ.NEXTVAL, 'Sandra', 'Warner', 'F', 'w_sandra6496@northeastern.edu', 6674436668, 291981044, 'REGISTERED', '18-May-17'
);

/* INSERT QUERY NO: 52 */
INSERT INTO CUSTOMER(CUSTOMER_ID, FIRST_NAME, LAST_NAME, GENDER, EMAIL_ID, CONTACT, SSN_NUMBER, CUSTOMER_TYPE, DATE_OF_BIRTH)
VALUES
(
CUSTOMER_SEQ.NEXTVAL, 'Phillip', 'Mcgee', 'M', 'pmcgee7525@northeastern.edu', 9605579478, 483732643, 'REGISTERED', '19-Jul-90'
);

/* INSERT QUERY NO: 53 */
INSERT INTO CUSTOMER(CUSTOMER_ID, FIRST_NAME, LAST_NAME, GENDER, EMAIL_ID, CONTACT, SSN_NUMBER, CUSTOMER_TYPE, DATE_OF_BIRTH)
VALUES
(
CUSTOMER_SEQ.NEXTVAL, 'Gannon', 'George', 'F', 'george-gannon8755@northeastern.edu', 6384996134, 656032991, 'CASUAL', '18-Mar-85'
);

/* INSERT QUERY NO: 54 */
INSERT INTO CUSTOMER(CUSTOMER_ID, FIRST_NAME, LAST_NAME, GENDER, EMAIL_ID, CONTACT, SSN_NUMBER, CUSTOMER_TYPE, DATE_OF_BIRTH)
VALUES
(
CUSTOMER_SEQ.NEXTVAL, 'Tatiana', 'Navarro', 'F', 't.navarro3016@northeastern.edu', 3331699595, 185495963, 'CASUAL', '31-Jul-17'
);

/* INSERT QUERY NO: 55 */
INSERT INTO CUSTOMER(CUSTOMER_ID, FIRST_NAME, LAST_NAME, GENDER, EMAIL_ID, CONTACT, SSN_NUMBER, CUSTOMER_TYPE, DATE_OF_BIRTH)
VALUES
(
CUSTOMER_SEQ.NEXTVAL, 'Pearl', 'Reid', 'F', 'r-pearl175@northeastern.edu', 2702535939, 116454443, 'REGISTERED', '25-Dec-12'
);

/* INSERT QUERY NO: 56 */
INSERT INTO CUSTOMER(CUSTOMER_ID, FIRST_NAME, LAST_NAME, GENDER, EMAIL_ID, CONTACT, SSN_NUMBER, CUSTOMER_TYPE, DATE_OF_BIRTH)
VALUES
(
CUSTOMER_SEQ.NEXTVAL, 'Guy', 'Guerra', 'F', 'g_guerra2769@northeastern.edu', 2527559593, 518369212, 'REGISTERED', '26-Jan-92'
);

/* INSERT QUERY NO: 57 */
INSERT INTO CUSTOMER(CUSTOMER_ID, FIRST_NAME, LAST_NAME, GENDER, EMAIL_ID, CONTACT, SSN_NUMBER, CUSTOMER_TYPE, DATE_OF_BIRTH)
VALUES
(
CUSTOMER_SEQ.NEXTVAL, 'Jescie', 'Rogers', 'F', 'jrogers@northeastern.edu', 5067765700, 290532137, 'REGISTERED', '22-Mar-16'
);

/* INSERT QUERY NO: 58 */
INSERT INTO CUSTOMER(CUSTOMER_ID, FIRST_NAME, LAST_NAME, GENDER, EMAIL_ID, CONTACT, SSN_NUMBER, CUSTOMER_TYPE, DATE_OF_BIRTH)
VALUES
(
CUSTOMER_SEQ.NEXTVAL, 'Dustin', 'Freeman', 'M', 'd.freeman8299@northeastern.edu', 3980526701, 602843450, 'CASUAL', '18-May-91'
);

/* INSERT QUERY NO: 59 */
INSERT INTO CUSTOMER(CUSTOMER_ID, FIRST_NAME, LAST_NAME, GENDER, EMAIL_ID, CONTACT, SSN_NUMBER, CUSTOMER_TYPE, DATE_OF_BIRTH)
VALUES
(
CUSTOMER_SEQ.NEXTVAL, 'Deborah', 'Jefferson', 'M', 'jeffersondeborah@northeastern.edu', 3524092817, 125696261, 'CASUAL', '20-Nov-91'
);

/* INSERT QUERY NO: 60 */
INSERT INTO CUSTOMER(CUSTOMER_ID, FIRST_NAME, LAST_NAME, GENDER, EMAIL_ID, CONTACT, SSN_NUMBER, CUSTOMER_TYPE, DATE_OF_BIRTH)
VALUES
(
CUSTOMER_SEQ.NEXTVAL, 'Alice', 'Steele', 'M', 'a_steele@northeastern.edu', 5675348104, 513044794, 'CASUAL', '22-Dec-90'
);

/* INSERT QUERY NO: 61 */
INSERT INTO CUSTOMER(CUSTOMER_ID, FIRST_NAME, LAST_NAME, GENDER, EMAIL_ID, CONTACT, SSN_NUMBER, CUSTOMER_TYPE, DATE_OF_BIRTH)
VALUES
(
CUSTOMER_SEQ.NEXTVAL, 'Benjamin', 'Cherry', 'M', 'benjamincherry@northeastern.edu', 7060417198, 527978429, 'CASUAL', '27-Oct-00'
);

/* INSERT QUERY NO: 62 */
INSERT INTO CUSTOMER(CUSTOMER_ID, FIRST_NAME, LAST_NAME, GENDER, EMAIL_ID, CONTACT, SSN_NUMBER, CUSTOMER_TYPE, DATE_OF_BIRTH)
VALUES
(
CUSTOMER_SEQ.NEXTVAL, 'Clarke', 'Dunn', 'M', 'c_dunn@northeastern.edu', 5687728450, 912940927, 'REGISTERED', '25-Jan-10'
);

/* INSERT QUERY NO: 63 */
INSERT INTO CUSTOMER(CUSTOMER_ID, FIRST_NAME, LAST_NAME, GENDER, EMAIL_ID, CONTACT, SSN_NUMBER, CUSTOMER_TYPE, DATE_OF_BIRTH)
VALUES
(
CUSTOMER_SEQ.NEXTVAL, 'Ezra', 'Lucas', 'M', 'ezra_lucas@northeastern.edu', 7431277584, 943322350, 'REGISTERED', '15-Nov-14'
);

/* INSERT QUERY NO: 64 */
INSERT INTO CUSTOMER(CUSTOMER_ID, FIRST_NAME, LAST_NAME, GENDER, EMAIL_ID, CONTACT, SSN_NUMBER, CUSTOMER_TYPE, DATE_OF_BIRTH)
VALUES
(
CUSTOMER_SEQ.NEXTVAL, 'Galvin', 'Marsh', 'M', 'galvin-marsh@northeastern.edu', 3358199949, 588346079, 'REGISTERED', '6-Jan-17'
);

/* INSERT QUERY NO: 65 */
INSERT INTO CUSTOMER(CUSTOMER_ID, FIRST_NAME, LAST_NAME, GENDER, EMAIL_ID, CONTACT, SSN_NUMBER, CUSTOMER_TYPE, DATE_OF_BIRTH)
VALUES
(
CUSTOMER_SEQ.NEXTVAL, 'Damon', 'Strickland', 'M', 'damon_strickland7710@northeastern.edu', 1974483664, 212801566, 'REGISTERED', '6-Aug-87'
);

/* INSERT QUERY NO: 66 */
INSERT INTO CUSTOMER(CUSTOMER_ID, FIRST_NAME, LAST_NAME, GENDER, EMAIL_ID, CONTACT, SSN_NUMBER, CUSTOMER_TYPE, DATE_OF_BIRTH)
VALUES
(
CUSTOMER_SEQ.NEXTVAL, 'Zena', 'Tillman', 'F', 'ztillman@northeastern.edu', 8938221385, 326186387, 'REGISTERED', '6-Feb-04'
);

/* INSERT QUERY NO: 67 */
INSERT INTO CUSTOMER(CUSTOMER_ID, FIRST_NAME, LAST_NAME, GENDER, EMAIL_ID, CONTACT, SSN_NUMBER, CUSTOMER_TYPE, DATE_OF_BIRTH)
VALUES
(
CUSTOMER_SEQ.NEXTVAL, 'Ezra', 'Pearson', 'F', 'p_ezra5723@northeastern.edu', 3139434111, 323711563, 'CASUAL', '4-Sep-84'
);

/* INSERT QUERY NO: 68 */
INSERT INTO CUSTOMER(CUSTOMER_ID, FIRST_NAME, LAST_NAME, GENDER, EMAIL_ID, CONTACT, SSN_NUMBER, CUSTOMER_TYPE, DATE_OF_BIRTH)
VALUES
(
CUSTOMER_SEQ.NEXTVAL, 'Noelani', 'Daniels', 'M', 'daniels_noelani3068@northeastern.edu', 6141514815, 129600278, 'REGISTERED', '22-Apr-97'
);

/* INSERT QUERY NO: 69 */
INSERT INTO CUSTOMER(CUSTOMER_ID, FIRST_NAME, LAST_NAME, GENDER, EMAIL_ID, CONTACT, SSN_NUMBER, CUSTOMER_TYPE, DATE_OF_BIRTH)
VALUES
(
CUSTOMER_SEQ.NEXTVAL, 'Reese', 'Whitehead', 'F', 'reese.whitehead1982@northeastern.edu', 7843157160, 227857235, 'REGISTERED', '11-Dec-94'
);

/* INSERT QUERY NO: 70 */
INSERT INTO CUSTOMER(CUSTOMER_ID, FIRST_NAME, LAST_NAME, GENDER, EMAIL_ID, CONTACT, SSN_NUMBER, CUSTOMER_TYPE, DATE_OF_BIRTH)
VALUES
(
CUSTOMER_SEQ.NEXTVAL, 'Gavin', 'Huff', 'M', 'gavin-huff@northeastern.edu', 2122310433, 461830639, 'REGISTERED', '4-Feb-10'
);

/* INSERT QUERY NO: 71 */
INSERT INTO CUSTOMER(CUSTOMER_ID, FIRST_NAME, LAST_NAME, GENDER, EMAIL_ID, CONTACT, SSN_NUMBER, CUSTOMER_TYPE, DATE_OF_BIRTH)
VALUES
(
CUSTOMER_SEQ.NEXTVAL, 'Emerald', 'Robertson', 'M', 'robertson.emerald@northeastern.edu', 1606817327, 822181332, 'CASUAL', '23-May-21'
);

/* INSERT QUERY NO: 72 */
INSERT INTO CUSTOMER(CUSTOMER_ID, FIRST_NAME, LAST_NAME, GENDER, EMAIL_ID, CONTACT, SSN_NUMBER, CUSTOMER_TYPE, DATE_OF_BIRTH)
VALUES
(
CUSTOMER_SEQ.NEXTVAL, 'Alexa', 'Mclaughlin', 'M', 'a_mclaughlin@northeastern.edu', 2376096876, 913970965, 'REGISTERED', '16-Sep-87'
);

/* INSERT QUERY NO: 73 */
INSERT INTO CUSTOMER(CUSTOMER_ID, FIRST_NAME, LAST_NAME, GENDER, EMAIL_ID, CONTACT, SSN_NUMBER, CUSTOMER_TYPE, DATE_OF_BIRTH)
VALUES
(
CUSTOMER_SEQ.NEXTVAL, 'Nasim', 'Arnold', 'F', 'arnold-nasim7584@northeastern.edu', 4699733406, 913450865, 'CASUAL', '5-Sep-02'
);

/* INSERT QUERY NO: 74 */
INSERT INTO CUSTOMER(CUSTOMER_ID, FIRST_NAME, LAST_NAME, GENDER, EMAIL_ID, CONTACT, SSN_NUMBER, CUSTOMER_TYPE, DATE_OF_BIRTH)
VALUES
(
CUSTOMER_SEQ.NEXTVAL, 'Dominique', 'Murphy', 'M', 'd.murphy@northeastern.edu', 2134604733, 155731660, 'REGISTERED', '22-Sep-87'
);

/* INSERT QUERY NO: 75 */
INSERT INTO CUSTOMER(CUSTOMER_ID, FIRST_NAME, LAST_NAME, GENDER, EMAIL_ID, CONTACT, SSN_NUMBER, CUSTOMER_TYPE, DATE_OF_BIRTH)
VALUES
(
CUSTOMER_SEQ.NEXTVAL, 'Steel', 'Vaughn', 'M', 'v_steel3418@northeastern.edu', 4253536226, 226983575, 'REGISTERED', '17-Mar-15'
);

/* INSERT QUERY NO: 76 */
INSERT INTO CUSTOMER(CUSTOMER_ID, FIRST_NAME, LAST_NAME, GENDER, EMAIL_ID, CONTACT, SSN_NUMBER, CUSTOMER_TYPE, DATE_OF_BIRTH)
VALUES
(
CUSTOMER_SEQ.NEXTVAL, 'MacKenzie', 'Sellers', 'M', 'sellers-mackenzie@northeastern.edu', 5464645564, 940391775, 'CASUAL', '15-Apr-02'
);

/* INSERT QUERY NO: 77 */
INSERT INTO CUSTOMER(CUSTOMER_ID, FIRST_NAME, LAST_NAME, GENDER, EMAIL_ID, CONTACT, SSN_NUMBER, CUSTOMER_TYPE, DATE_OF_BIRTH)
VALUES
(
CUSTOMER_SEQ.NEXTVAL, 'Margaret', 'Williams', 'F', 'williamsmargaret9125@northeastern.edu', 8791438279, 366681771, 'CASUAL', '12-Dec-98'
);

/* INSERT QUERY NO: 78 */
INSERT INTO CUSTOMER(CUSTOMER_ID, FIRST_NAME, LAST_NAME, GENDER, EMAIL_ID, CONTACT, SSN_NUMBER, CUSTOMER_TYPE, DATE_OF_BIRTH)
VALUES
(
CUSTOMER_SEQ.NEXTVAL, 'Roary', 'Robbins', 'F', 'r_robbins@northeastern.edu', 9772819241, 516686218, 'REGISTERED', '29-Jan-92'
);

/* INSERT QUERY NO: 79 */
INSERT INTO CUSTOMER(CUSTOMER_ID, FIRST_NAME, LAST_NAME, GENDER, EMAIL_ID, CONTACT, SSN_NUMBER, CUSTOMER_TYPE, DATE_OF_BIRTH)
VALUES
(
CUSTOMER_SEQ.NEXTVAL, 'Kasimir', 'York', 'M', 'york-kasimir1406@northeastern.edu', 4142188194, 841339839, 'CASUAL', '28-Jun-92'
);

/* INSERT QUERY NO: 80 */
INSERT INTO CUSTOMER(CUSTOMER_ID, FIRST_NAME, LAST_NAME, GENDER, EMAIL_ID, CONTACT, SSN_NUMBER, CUSTOMER_TYPE, DATE_OF_BIRTH)
VALUES
(
CUSTOMER_SEQ.NEXTVAL, 'Elvis', 'Gay', 'F', 'g_elvis2946@northeastern.edu', 6982753373, 482021866, 'CASUAL', '15-Mar-99'
);

/* INSERT QUERY NO: 81 */
INSERT INTO CUSTOMER(CUSTOMER_ID, FIRST_NAME, LAST_NAME, GENDER, EMAIL_ID, CONTACT, SSN_NUMBER, CUSTOMER_TYPE, DATE_OF_BIRTH)
VALUES
(
CUSTOMER_SEQ.NEXTVAL, 'Noah', 'Justice', 'M', 'noah.justice6049@northeastern.edu', 4891386384, 515606983, 'REGISTERED', '26-Jan-08'
);

/* INSERT QUERY NO: 82 */
INSERT INTO CUSTOMER(CUSTOMER_ID, FIRST_NAME, LAST_NAME, GENDER, EMAIL_ID, CONTACT, SSN_NUMBER, CUSTOMER_TYPE, DATE_OF_BIRTH)
VALUES
(
CUSTOMER_SEQ.NEXTVAL, 'Cara', 'Torres', 'F', 'c.torres230@northeastern.edu', 2913134540, 650367810, 'CASUAL', '2-Apr-96'
);

/* INSERT QUERY NO: 83 */
INSERT INTO CUSTOMER(CUSTOMER_ID, FIRST_NAME, LAST_NAME, GENDER, EMAIL_ID, CONTACT, SSN_NUMBER, CUSTOMER_TYPE, DATE_OF_BIRTH)
VALUES
(
CUSTOMER_SEQ.NEXTVAL, 'Merritt', 'Dawson', 'M', 'm-dawson@northeastern.edu', 3310413914, 849796835, 'REGISTERED', '31-Mar-20'
);

/* INSERT QUERY NO: 84 */
INSERT INTO CUSTOMER(CUSTOMER_ID, FIRST_NAME, LAST_NAME, GENDER, EMAIL_ID, CONTACT, SSN_NUMBER, CUSTOMER_TYPE, DATE_OF_BIRTH)
VALUES
(
CUSTOMER_SEQ.NEXTVAL, 'Brianna', 'Wells', 'F', 'brianna.wells7979@northeastern.edu', 2711043688, 482610443, 'REGISTERED', '6-Dec-85'
);

/* INSERT QUERY NO: 85 */
INSERT INTO CUSTOMER(CUSTOMER_ID, FIRST_NAME, LAST_NAME, GENDER, EMAIL_ID, CONTACT, SSN_NUMBER, CUSTOMER_TYPE, DATE_OF_BIRTH)
VALUES
(
CUSTOMER_SEQ.NEXTVAL, 'Cullen', 'Baker', 'F', 'c-baker@northeastern.edu', 4833442790, 538911363, 'REGISTERED', '3-Jan-16'
);

/* INSERT QUERY NO: 86 */
INSERT INTO CUSTOMER(CUSTOMER_ID, FIRST_NAME, LAST_NAME, GENDER, EMAIL_ID, CONTACT, SSN_NUMBER, CUSTOMER_TYPE, DATE_OF_BIRTH)
VALUES
(
CUSTOMER_SEQ.NEXTVAL, 'Colby', 'Montgomery', 'F', 'c-montgomery2742@northeastern.edu', 1972198372, 996742054, 'REGISTERED', '12-Jul-92'
);

/* INSERT QUERY NO: 87 */
INSERT INTO CUSTOMER(CUSTOMER_ID, FIRST_NAME, LAST_NAME, GENDER, EMAIL_ID, CONTACT, SSN_NUMBER, CUSTOMER_TYPE, DATE_OF_BIRTH)
VALUES
(
CUSTOMER_SEQ.NEXTVAL, 'Catherine', 'Kane', 'F', 'catherine.kane3576@northeastern.edu', 6822594522, 375318249, 'REGISTERED', '7-Mar-81'
);

/* INSERT QUERY NO: 88 */
INSERT INTO CUSTOMER(CUSTOMER_ID, FIRST_NAME, LAST_NAME, GENDER, EMAIL_ID, CONTACT, SSN_NUMBER, CUSTOMER_TYPE, DATE_OF_BIRTH)
VALUES
(
CUSTOMER_SEQ.NEXTVAL, 'Audra', 'Cantu', 'F', 'cantu.audra5791@northeastern.edu', 2061396101, 792396796, 'CASUAL', '12-Jul-81'
);

/* INSERT QUERY NO: 89 */
INSERT INTO CUSTOMER(CUSTOMER_ID, FIRST_NAME, LAST_NAME, GENDER, EMAIL_ID, CONTACT, SSN_NUMBER, CUSTOMER_TYPE, DATE_OF_BIRTH)
VALUES
(
CUSTOMER_SEQ.NEXTVAL, 'Chava', 'Potts', 'F', 'c.potts2871@northeastern.edu', 4848221209, 834082673, 'CASUAL', '5-Jun-87'
);

/* INSERT QUERY NO: 90 */
INSERT INTO CUSTOMER(CUSTOMER_ID, FIRST_NAME, LAST_NAME, GENDER, EMAIL_ID, CONTACT, SSN_NUMBER, CUSTOMER_TYPE, DATE_OF_BIRTH)
VALUES
(
CUSTOMER_SEQ.NEXTVAL, 'Cadman', 'Petersen', 'F', 'c.petersen8951@northeastern.edu', 3061452984, 242800718, 'REGISTERED', '8-Jan-16'
);

/* INSERT QUERY NO: 91 */
INSERT INTO CUSTOMER(CUSTOMER_ID, FIRST_NAME, LAST_NAME, GENDER, EMAIL_ID, CONTACT, SSN_NUMBER, CUSTOMER_TYPE, DATE_OF_BIRTH)
VALUES
(
CUSTOMER_SEQ.NEXTVAL, 'Ian', 'Ewing', 'F', 'i.ewing@northeastern.edu', 7260379397, 857201567, 'CASUAL', '4-Oct-08'
);

/* INSERT QUERY NO: 92 */
INSERT INTO CUSTOMER(CUSTOMER_ID, FIRST_NAME, LAST_NAME, GENDER, EMAIL_ID, CONTACT, SSN_NUMBER, CUSTOMER_TYPE, DATE_OF_BIRTH)
VALUES
(
CUSTOMER_SEQ.NEXTVAL, 'Hayden', 'Cooley', 'F', 'h-cooley6730@northeastern.edu', 7152830209, 584000446, 'CASUAL', '6-Sep-95'
);

/* INSERT QUERY NO: 93 */
INSERT INTO CUSTOMER(CUSTOMER_ID, FIRST_NAME, LAST_NAME, GENDER, EMAIL_ID, CONTACT, SSN_NUMBER, CUSTOMER_TYPE, DATE_OF_BIRTH)
VALUES
(
CUSTOMER_SEQ.NEXTVAL, 'Jenette', 'Mcgee', 'M', 'j_mcgee@northeastern.edu', 7611125819, 457586264, 'REGISTERED', '9-May-89'
);

/* INSERT QUERY NO: 94 */
INSERT INTO CUSTOMER(CUSTOMER_ID, FIRST_NAME, LAST_NAME, GENDER, EMAIL_ID, CONTACT, SSN_NUMBER, CUSTOMER_TYPE, DATE_OF_BIRTH)
VALUES
(
CUSTOMER_SEQ.NEXTVAL, 'Yoshio', 'Elliott', 'F', 'e.yoshio4737@northeastern.edu', 7239683891, 274774703, 'CASUAL', '14-Jun-83'
);

/* INSERT QUERY NO: 95 */
INSERT INTO CUSTOMER(CUSTOMER_ID, FIRST_NAME, LAST_NAME, GENDER, EMAIL_ID, CONTACT, SSN_NUMBER, CUSTOMER_TYPE, DATE_OF_BIRTH)
VALUES
(
CUSTOMER_SEQ.NEXTVAL, 'Oscar', 'Foreman', 'F', 'foreman-oscar@northeastern.edu', 3190068284, 353500940, 'REGISTERED', '16-Aug-01'
);

/* INSERT QUERY NO: 96 */
INSERT INTO CUSTOMER(CUSTOMER_ID, FIRST_NAME, LAST_NAME, GENDER, EMAIL_ID, CONTACT, SSN_NUMBER, CUSTOMER_TYPE, DATE_OF_BIRTH)
VALUES
(
CUSTOMER_SEQ.NEXTVAL, 'Edan', 'Jones', 'M', 'e-jones@northeastern.edu', 6765456349, 647845079, 'CASUAL', '7-May-06'
);

/* INSERT QUERY NO: 97 */
INSERT INTO CUSTOMER(CUSTOMER_ID, FIRST_NAME, LAST_NAME, GENDER, EMAIL_ID, CONTACT, SSN_NUMBER, CUSTOMER_TYPE, DATE_OF_BIRTH)
VALUES
(
CUSTOMER_SEQ.NEXTVAL, 'Ivana', 'Burnett', 'F', 'i.burnett5226@northeastern.edu', 4180040419, 192482005, 'REGISTERED', '20-Oct-94'
);

/* INSERT QUERY NO: 98 */
INSERT INTO CUSTOMER(CUSTOMER_ID, FIRST_NAME, LAST_NAME, GENDER, EMAIL_ID, CONTACT, SSN_NUMBER, CUSTOMER_TYPE, DATE_OF_BIRTH)
VALUES
(
CUSTOMER_SEQ.NEXTVAL, 'Ora', 'Elliott', 'M', 'elliott_ora@northeastern.edu', 4083069549, 717548852, 'CASUAL', '18-May-81'
);

/* INSERT QUERY NO: 99 */
INSERT INTO CUSTOMER(CUSTOMER_ID, FIRST_NAME, LAST_NAME, GENDER, EMAIL_ID, CONTACT, SSN_NUMBER, CUSTOMER_TYPE, DATE_OF_BIRTH)
VALUES
(
CUSTOMER_SEQ.NEXTVAL, 'Colby', 'Rogers', 'F', 'c.rogers@northeastern.edu', 1706153476, 203743178, 'CASUAL', '19-Aug-12'
);

/* INSERT QUERY NO: 100 */
INSERT INTO CUSTOMER(CUSTOMER_ID, FIRST_NAME, LAST_NAME, GENDER, EMAIL_ID, CONTACT, SSN_NUMBER, CUSTOMER_TYPE, DATE_OF_BIRTH)
VALUES
(
CUSTOMER_SEQ.NEXTVAL, 'Rhonda', 'Rhodes', 'M', 'rhonda_rhodes9614@northeastern.edu', 9008181765, 241845923, 'CASUAL', '29-Aug-81'
);



-------------------------------------------------------------------------------------
-- Customer Address
---------------------------------------------------------------------------------------

/* INSERT QUERY NO: 1 */
INSERT INTO CUSTOMER_ADDRESS(ADDRESS_ID, LINE_1, LINE_2, CITY, STATE, ZIPCODE, TYPE, CUSTOMER_ID)
VALUES
(
CUSTOMER_ADDRESS_SEQ.NEXTVAL, '6649 N Blue Gum St', 'GUM ST', 'BOSTON', 'MA', '02117', 'HOME', 1001
);

/* INSERT QUERY NO: 2 */
INSERT INTO CUSTOMER_ADDRESS(ADDRESS_ID, LINE_1, LINE_2, CITY, STATE, ZIPCODE, TYPE, CUSTOMER_ID)
VALUES
(
CUSTOMER_ADDRESS_SEQ.NEXTVAL, '4 B Blue Ridge Blvd', 'RIDGE BLVD', 'BOSTON', 'MA', '02116', 'HOME', 1002
);

/* INSERT QUERY NO: 3 */
INSERT INTO CUSTOMER_ADDRESS(ADDRESS_ID, LINE_1, LINE_2, CITY, STATE, ZIPCODE, TYPE, CUSTOMER_ID)
VALUES
(
CUSTOMER_ADDRESS_SEQ.NEXTVAL, '639 Main St', 'MAIN ST', 'BOSTON', 'MA', '02119', 'HOME', 1003
);

/* INSERT QUERY NO: 4 */
INSERT INTO CUSTOMER_ADDRESS(ADDRESS_ID, LINE_1, LINE_2, CITY, STATE, ZIPCODE, TYPE, CUSTOMER_ID)
VALUES
(
CUSTOMER_ADDRESS_SEQ.NEXTVAL, '34 Center St', 'CENTER ST', 'BOSTON', 'MA', '02115', 'HOME', 1004
);

/* INSERT QUERY NO: 5 */
INSERT INTO CUSTOMER_ADDRESS(ADDRESS_ID, LINE_1, LINE_2, CITY, STATE, ZIPCODE, TYPE, CUSTOMER_ID)
VALUES
(
CUSTOMER_ADDRESS_SEQ.NEXTVAL, '3 Mcauley Dr', 'MCAULEY DR', 'CAMBRIDGE', 'MA', '02138', 'HOME', 1005
);

/* INSERT QUERY NO: 6 */
INSERT INTO CUSTOMER_ADDRESS(ADDRESS_ID, LINE_1, LINE_2, CITY, STATE, ZIPCODE, TYPE, CUSTOMER_ID)
VALUES
(
CUSTOMER_ADDRESS_SEQ.NEXTVAL, '7 Eads St', 'EADS ST', 'CAMBRIDGE', 'MA', '02139', 'HOME', 1006
);

/* INSERT QUERY NO: 7 */
INSERT INTO CUSTOMER_ADDRESS(ADDRESS_ID, LINE_1, LINE_2, CITY, STATE, ZIPCODE, TYPE, CUSTOMER_ID)
VALUES
(
CUSTOMER_ADDRESS_SEQ.NEXTVAL, '7 W Jackson Blvd', 'JACKSON BLVD', 'CAMBRIDGE', 'MA', '02140', 'HOME', 1007
);

/* INSERT QUERY NO: 8 */
INSERT INTO CUSTOMER_ADDRESS(ADDRESS_ID, LINE_1, LINE_2, CITY, STATE, ZIPCODE, TYPE, CUSTOMER_ID)
VALUES
(
CUSTOMER_ADDRESS_SEQ.NEXTVAL, '2853 S Central Expy', 'CENTRAL EXPY', 'CAMBRIDGE', 'MA', '02141', 'HOME', 1008
);

/* INSERT QUERY NO: 9 */
INSERT INTO CUSTOMER_ADDRESS(ADDRESS_ID, LINE_1, LINE_2, CITY, STATE, ZIPCODE, TYPE, CUSTOMER_ID)
VALUES
(
CUSTOMER_ADDRESS_SEQ.NEXTVAL, '74 W College St', 'COLLEGE ST', 'NEWTON', 'MA', '02459', 'HOME', 1009
);

/* INSERT QUERY NO: 10 */
INSERT INTO CUSTOMER_ADDRESS(ADDRESS_ID, LINE_1, LINE_2, CITY, STATE, ZIPCODE, TYPE, CUSTOMER_ID)
VALUES
(
CUSTOMER_ADDRESS_SEQ.NEXTVAL, '701 S Harrison Rd', 'HARRISON RD', 'NEWTON', 'MA', '02460', 'HOME', 1010
);

/* INSERT QUERY NO: 11 */
INSERT INTO CUSTOMER_ADDRESS(ADDRESS_ID, LINE_1, LINE_2, CITY, STATE, ZIPCODE, TYPE, CUSTOMER_ID)
VALUES
(
CUSTOMER_ADDRESS_SEQ.NEXTVAL, '1088 Pinehurst St', 'PINEHURST ST', 'NEWTON', 'MA', '02461', 'HOME', 1011
);

/* INSERT QUERY NO: 12 */
INSERT INTO CUSTOMER_ADDRESS(ADDRESS_ID, LINE_1, LINE_2, CITY, STATE, ZIPCODE, TYPE, CUSTOMER_ID)
VALUES
(
CUSTOMER_ADDRESS_SEQ.NEXTVAL, '4 Webbs Chapel Rd', 'CHAPEL RD', 'NEWTON', 'MA', '02462', 'HOME', 1012
);

/* INSERT QUERY NO: 13 */
INSERT INTO CUSTOMER_ADDRESS(ADDRESS_ID, LINE_1, LINE_2, CITY, STATE, ZIPCODE, TYPE, CUSTOMER_ID)
VALUES
(
CUSTOMER_ADDRESS_SEQ.NEXTVAL, '524 Louisiana Ave Nw', 'AVE NW', 'SOMERVILLE', 'MA', '02143', 'HOME', 1013
);

/* INSERT QUERY NO: 14 */
INSERT INTO CUSTOMER_ADDRESS(ADDRESS_ID, LINE_1, LINE_2, CITY, STATE, ZIPCODE, TYPE, CUSTOMER_ID)
VALUES
(
CUSTOMER_ADDRESS_SEQ.NEXTVAL, '185 Blackstone Bldge', 'BLACKSTONE BLDGE', 'SOMERVILLE', 'MA', '02144', 'HOME', 1014
);

/* INSERT QUERY NO: 15 */
INSERT INTO CUSTOMER_ADDRESS(ADDRESS_ID, LINE_1, LINE_2, CITY, STATE, ZIPCODE, TYPE, CUSTOMER_ID)
VALUES
(
CUSTOMER_ADDRESS_SEQ.NEXTVAL, '170 Wyoming Ave', 'WYOMING AVE', 'MALDEN', 'MA', '02148', 'HOME', 1015
);

/* INSERT QUERY NO: 16 */
INSERT INTO CUSTOMER_ADDRESS(ADDRESS_ID, LINE_1, LINE_2, CITY, STATE, ZIPCODE, TYPE, CUSTOMER_ID)
VALUES
(
CUSTOMER_ADDRESS_SEQ.NEXTVAL, '4 10th St W', 'ST W', 'EVERETT', 'MA', '02149', 'HOME', 1016
);

/* INSERT QUERY NO: 17 */
INSERT INTO CUSTOMER_ADDRESS(ADDRESS_ID, LINE_1, LINE_2, CITY, STATE, ZIPCODE, TYPE, CUSTOMER_ID)
VALUES
(
CUSTOMER_ADDRESS_SEQ.NEXTVAL, '7 W Pinhook Rd', 'PINHOOK RD', 'BOSTON', 'MA', '02117', 'HOME', 1017
);

/* INSERT QUERY NO: 18 */
INSERT INTO CUSTOMER_ADDRESS(ADDRESS_ID, LINE_1, LINE_2, CITY, STATE, ZIPCODE, TYPE, CUSTOMER_ID)
VALUES
(
CUSTOMER_ADDRESS_SEQ.NEXTVAL, '1 Commerce Way', 'COMMERCE WAY', 'BOSTON', 'MA', '02116', 'HOME', 1018
);

/* INSERT QUERY NO: 19 */
INSERT INTO CUSTOMER_ADDRESS(ADDRESS_ID, LINE_1, LINE_2, CITY, STATE, ZIPCODE, TYPE, CUSTOMER_ID)
VALUES
(
CUSTOMER_ADDRESS_SEQ.NEXTVAL, '64 Lakeview Ave', 'LAKEVIEW AVE', 'BOSTON', 'MA', '02119', 'HOME', 1019
);

/* INSERT QUERY NO: 20 */
INSERT INTO CUSTOMER_ADDRESS(ADDRESS_ID, LINE_1, LINE_2, CITY, STATE, ZIPCODE, TYPE, CUSTOMER_ID)
VALUES
(
CUSTOMER_ADDRESS_SEQ.NEXTVAL, '3 Aspen St', 'ASPEN ST', 'BOSTON', 'MA', '02115', 'HOME', 1020
);

/* INSERT QUERY NO: 21 */
INSERT INTO CUSTOMER_ADDRESS(ADDRESS_ID, LINE_1, LINE_2, CITY, STATE, ZIPCODE, TYPE, CUSTOMER_ID)
VALUES
(
CUSTOMER_ADDRESS_SEQ.NEXTVAL, '32860 Sierra Rd', 'SIERRA RD', 'CAMBRIDGE', 'MA', '02138', 'WORK', 1021
);

/* INSERT QUERY NO: 22 */
INSERT INTO CUSTOMER_ADDRESS(ADDRESS_ID, LINE_1, LINE_2, CITY, STATE, ZIPCODE, TYPE, CUSTOMER_ID)
VALUES
(
CUSTOMER_ADDRESS_SEQ.NEXTVAL, '703 Beville Rd', 'BEVILLE RD', 'CAMBRIDGE', 'MA', '02139', 'HOME', 1022
);

/* INSERT QUERY NO: 23 */
INSERT INTO CUSTOMER_ADDRESS(ADDRESS_ID, LINE_1, LINE_2, CITY, STATE, ZIPCODE, TYPE, CUSTOMER_ID)
VALUES
(
CUSTOMER_ADDRESS_SEQ.NEXTVAL, '5 Harrison Rd', 'HARRISON RD', 'CAMBRIDGE', 'MA', '02140', 'HOME', 1023
);

/* INSERT QUERY NO: 24 */
INSERT INTO CUSTOMER_ADDRESS(ADDRESS_ID, LINE_1, LINE_2, CITY, STATE, ZIPCODE, TYPE, CUSTOMER_ID)
VALUES
(
CUSTOMER_ADDRESS_SEQ.NEXTVAL, '73 Southern Blvd', 'SOUTHERN BLVD', 'CAMBRIDGE', 'MA', '02141', 'HOME', 1024
);

/* INSERT QUERY NO: 25 */
INSERT INTO CUSTOMER_ADDRESS(ADDRESS_ID, LINE_1, LINE_2, CITY, STATE, ZIPCODE, TYPE, CUSTOMER_ID)
VALUES
(
CUSTOMER_ADDRESS_SEQ.NEXTVAL, '189 Village Park Rd', 'PARK RD', 'NEWTON', 'MA', '02459', 'HOME', 1025
);

/* INSERT QUERY NO: 26 */
INSERT INTO CUSTOMER_ADDRESS(ADDRESS_ID, LINE_1, LINE_2, CITY, STATE, ZIPCODE, TYPE, CUSTOMER_ID)
VALUES
(
CUSTOMER_ADDRESS_SEQ.NEXTVAL, '5384 Southwyck Blvd', 'SOUTHWYCK BLVD', 'NEWTON', 'MA', '02460', 'HOME', 1026
);

/* INSERT QUERY NO: 27 */
INSERT INTO CUSTOMER_ADDRESS(ADDRESS_ID, LINE_1, LINE_2, CITY, STATE, ZIPCODE, TYPE, CUSTOMER_ID)
VALUES
(
CUSTOMER_ADDRESS_SEQ.NEXTVAL, '97 Airport Loop Dr', 'LOOP DR', 'NEWTON', 'MA', '02461', 'WORK', 1027
);

/* INSERT QUERY NO: 28 */
INSERT INTO CUSTOMER_ADDRESS(ADDRESS_ID, LINE_1, LINE_2, CITY, STATE, ZIPCODE, TYPE, CUSTOMER_ID)
VALUES
(
CUSTOMER_ADDRESS_SEQ.NEXTVAL, '37855 Nolan Rd', 'NOLAN RD', 'NEWTON', 'MA', '02462', 'WORK', 1028
);

/* INSERT QUERY NO: 29 */
INSERT INTO CUSTOMER_ADDRESS(ADDRESS_ID, LINE_1, LINE_2, CITY, STATE, ZIPCODE, TYPE, CUSTOMER_ID)
VALUES
(
CUSTOMER_ADDRESS_SEQ.NEXTVAL, '1128 Delaware St', 'DELAWARE ST', 'SOMERVILLE', 'MA', '02143', 'WORK', 1029
);

/* INSERT QUERY NO: 30 */
INSERT INTO CUSTOMER_ADDRESS(ADDRESS_ID, LINE_1, LINE_2, CITY, STATE, ZIPCODE, TYPE, CUSTOMER_ID)
VALUES
(
CUSTOMER_ADDRESS_SEQ.NEXTVAL, '577 Parade St', 'PARADE ST', 'SOMERVILLE', 'MA', '02144', 'WORK', 1030
);

/* INSERT QUERY NO: 31 */
INSERT INTO CUSTOMER_ADDRESS(ADDRESS_ID, LINE_1, LINE_2, CITY, STATE, ZIPCODE, TYPE, CUSTOMER_ID)
VALUES
(
CUSTOMER_ADDRESS_SEQ.NEXTVAL, '70 Mechanic St', 'MECHANIC ST', 'MALDEN', 'MA', '02148', 'WORK', 1031
);

/* INSERT QUERY NO: 32 */
INSERT INTO CUSTOMER_ADDRESS(ADDRESS_ID, LINE_1, LINE_2, CITY, STATE, ZIPCODE, TYPE, CUSTOMER_ID)
VALUES
(
CUSTOMER_ADDRESS_SEQ.NEXTVAL, '4379 Highway 116', 'HIGHWAY 116', 'EVERETT', 'MA', '02149', 'WORK', 1032
);

/* INSERT QUERY NO: 33 */
INSERT INTO CUSTOMER_ADDRESS(ADDRESS_ID, LINE_1, LINE_2, CITY, STATE, ZIPCODE, TYPE, CUSTOMER_ID)
VALUES
(
CUSTOMER_ADDRESS_SEQ.NEXTVAL, '55 Hawthorne Blvd', 'HAWTHORNE BLVD', 'BOSTON', 'MA', '02117', 'WORK', 1033
);

/* INSERT QUERY NO: 34 */
INSERT INTO CUSTOMER_ADDRESS(ADDRESS_ID, LINE_1, LINE_2, CITY, STATE, ZIPCODE, TYPE, CUSTOMER_ID)
VALUES
(
CUSTOMER_ADDRESS_SEQ.NEXTVAL, '7116 Western Ave', 'WESTERN AVE', 'BOSTON', 'MA', '02116', 'HOME', 1034
);

/* INSERT QUERY NO: 35 */
INSERT INTO CUSTOMER_ADDRESS(ADDRESS_ID, LINE_1, LINE_2, CITY, STATE, ZIPCODE, TYPE, CUSTOMER_ID)
VALUES
(
CUSTOMER_ADDRESS_SEQ.NEXTVAL, '99586 Main St', 'MAIN ST', 'BOSTON', 'MA', '02119', 'HOME', 1035
);

/* INSERT QUERY NO: 36 */
INSERT INTO CUSTOMER_ADDRESS(ADDRESS_ID, LINE_1, LINE_2, CITY, STATE, ZIPCODE, TYPE, CUSTOMER_ID)
VALUES
(
CUSTOMER_ADDRESS_SEQ.NEXTVAL, '8739 Hudson St', 'HUDSON ST', 'BOSTON', 'MA', '02115', 'HOME', 1036
);

/* INSERT QUERY NO: 37 */
INSERT INTO CUSTOMER_ADDRESS(ADDRESS_ID, LINE_1, LINE_2, CITY, STATE, ZIPCODE, TYPE, CUSTOMER_ID)
VALUES
(
CUSTOMER_ADDRESS_SEQ.NEXTVAL, '4441 Point Term Mkt', 'TERM MKT', 'CAMBRIDGE', 'MA', '02138', 'HOME', 1037
);

/* INSERT QUERY NO: 38 */
INSERT INTO CUSTOMER_ADDRESS(ADDRESS_ID, LINE_1, LINE_2, CITY, STATE, ZIPCODE, TYPE, CUSTOMER_ID)
VALUES
(
CUSTOMER_ADDRESS_SEQ.NEXTVAL, '2972 Lafayette Ave', 'LAFAYETTE AVE', 'CAMBRIDGE', 'MA', '02139', 'HOME', 1038
);

/* INSERT QUERY NO: 39 */
INSERT INTO CUSTOMER_ADDRESS(ADDRESS_ID, LINE_1, LINE_2, CITY, STATE, ZIPCODE, TYPE, CUSTOMER_ID)
VALUES
(
CUSTOMER_ADDRESS_SEQ.NEXTVAL, '2140 Diamond Blvd', 'DIAMOND BLVD', 'CAMBRIDGE', 'MA', '02140', 'HOME', 1039
);

/* INSERT QUERY NO: 40 */
INSERT INTO CUSTOMER_ADDRESS(ADDRESS_ID, LINE_1, LINE_2, CITY, STATE, ZIPCODE, TYPE, CUSTOMER_ID)
VALUES
(
CUSTOMER_ADDRESS_SEQ.NEXTVAL, '3989 Portage Tr', 'PORTAGE TR', 'CAMBRIDGE', 'MA', '02141', 'WORK', 1040
);

/* INSERT QUERY NO: 41 */
INSERT INTO CUSTOMER_ADDRESS(ADDRESS_ID, LINE_1, LINE_2, CITY, STATE, ZIPCODE, TYPE, CUSTOMER_ID)
VALUES
(
CUSTOMER_ADDRESS_SEQ.NEXTVAL, '1 Midway Rd', 'MIDWAY RD', 'NEWTON', 'MA', '02459', 'HOME', 1041
);

/* INSERT QUERY NO: 42 */
INSERT INTO CUSTOMER_ADDRESS(ADDRESS_ID, LINE_1, LINE_2, CITY, STATE, ZIPCODE, TYPE, CUSTOMER_ID)
VALUES
(
CUSTOMER_ADDRESS_SEQ.NEXTVAL, '77132 Coon Rapids Blvd Nw', 'BLVD NW', 'NEWTON', 'MA', '02460', 'HOME', 1042
);

/* INSERT QUERY NO: 43 */
INSERT INTO CUSTOMER_ADDRESS(ADDRESS_ID, LINE_1, LINE_2, CITY, STATE, ZIPCODE, TYPE, CUSTOMER_ID)
VALUES
(
CUSTOMER_ADDRESS_SEQ.NEXTVAL, '755 Harbor Way', 'HARBOR WAY', 'NEWTON', 'MA', '02461', 'HOME', 1043
);

/* INSERT QUERY NO: 44 */
INSERT INTO CUSTOMER_ADDRESS(ADDRESS_ID, LINE_1, LINE_2, CITY, STATE, ZIPCODE, TYPE, CUSTOMER_ID)
VALUES
(
CUSTOMER_ADDRESS_SEQ.NEXTVAL, '87 Sierra Rd', 'SIERRA RD', 'NEWTON', 'MA', '02462', 'HOME', 1044
);

/* INSERT QUERY NO: 45 */
INSERT INTO CUSTOMER_ADDRESS(ADDRESS_ID, LINE_1, LINE_2, CITY, STATE, ZIPCODE, TYPE, CUSTOMER_ID)
VALUES
(
CUSTOMER_ADDRESS_SEQ.NEXTVAL, '5 Elmwood Park Blvd', 'PARK BLVD', 'SOMERVILLE', 'MA', '02143', 'HOME', 1045
);

/* INSERT QUERY NO: 46 */
INSERT INTO CUSTOMER_ADDRESS(ADDRESS_ID, LINE_1, LINE_2, CITY, STATE, ZIPCODE, TYPE, CUSTOMER_ID)
VALUES
(
CUSTOMER_ADDRESS_SEQ.NEXTVAL, '23 Palo Alto Sq', 'ALTO SQ', 'SOMERVILLE', 'MA', '02144', 'WORK', 1046
);

/* INSERT QUERY NO: 47 */
INSERT INTO CUSTOMER_ADDRESS(ADDRESS_ID, LINE_1, LINE_2, CITY, STATE, ZIPCODE, TYPE, CUSTOMER_ID)
VALUES
(
CUSTOMER_ADDRESS_SEQ.NEXTVAL, '38062 E Main St', 'MAIN ST', 'MALDEN', 'MA', '02148', 'HOME', 1047
);

/* INSERT QUERY NO: 48 */
INSERT INTO CUSTOMER_ADDRESS(ADDRESS_ID, LINE_1, LINE_2, CITY, STATE, ZIPCODE, TYPE, CUSTOMER_ID)
VALUES
(
CUSTOMER_ADDRESS_SEQ.NEXTVAL, '560 Civic Center Dr', 'CENTER DR', 'EVERETT', 'MA', '02149', 'HOME', 1048
);

/* INSERT QUERY NO: 49 */
INSERT INTO CUSTOMER_ADDRESS(ADDRESS_ID, LINE_1, LINE_2, CITY, STATE, ZIPCODE, TYPE, CUSTOMER_ID)
VALUES
(
CUSTOMER_ADDRESS_SEQ.NEXTVAL, '3270 Dequindre Rd', 'DEQUINDRE RD', 'BOSTON', 'MA', '02117', 'HOME', 1049
);

/* INSERT QUERY NO: 50 */
INSERT INTO CUSTOMER_ADDRESS(ADDRESS_ID, LINE_1, LINE_2, CITY, STATE, ZIPCODE, TYPE, CUSTOMER_ID)
VALUES
(
CUSTOMER_ADDRESS_SEQ.NEXTVAL, '9122 Carpenter Ave', 'CARPENTER AVE', 'BOSTON', 'MA', '02116', 'HOME', 1050
);

/* INSERT QUERY NO: 51 */
INSERT INTO CUSTOMER_ADDRESS(ADDRESS_ID, LINE_1, LINE_2, CITY, STATE, ZIPCODE, TYPE, CUSTOMER_ID)
VALUES
(
CUSTOMER_ADDRESS_SEQ.NEXTVAL, '48 Lenox St', 'LENOX ST', 'BOSTON', 'MA', '02119', 'HOME', 1051
);

/* INSERT QUERY NO: 52 */
INSERT INTO CUSTOMER_ADDRESS(ADDRESS_ID, LINE_1, LINE_2, CITY, STATE, ZIPCODE, TYPE, CUSTOMER_ID)
VALUES
(
CUSTOMER_ADDRESS_SEQ.NEXTVAL, '5 Little River Tpke', 'RIVER TPKE', 'BOSTON', 'MA', '02115', 'WORK', 1052
);

/* INSERT QUERY NO: 53 */
INSERT INTO CUSTOMER_ADDRESS(ADDRESS_ID, LINE_1, LINE_2, CITY, STATE, ZIPCODE, TYPE, CUSTOMER_ID)
VALUES
(
CUSTOMER_ADDRESS_SEQ.NEXTVAL, '3 N Groesbeck Hwy', 'GROESBECK HWY', 'CAMBRIDGE', 'MA', '02138', 'HOME', 1053
);

/* INSERT QUERY NO: 54 */
INSERT INTO CUSTOMER_ADDRESS(ADDRESS_ID, LINE_1, LINE_2, CITY, STATE, ZIPCODE, TYPE, CUSTOMER_ID)
VALUES
(
CUSTOMER_ADDRESS_SEQ.NEXTVAL, '96263 Greenwood Pl', 'GREENWOOD PL', 'CAMBRIDGE', 'MA', '02139', 'HOME', 1054
);

/* INSERT QUERY NO: 55 */
INSERT INTO CUSTOMER_ADDRESS(ADDRESS_ID, LINE_1, LINE_2, CITY, STATE, ZIPCODE, TYPE, CUSTOMER_ID)
VALUES
(
CUSTOMER_ADDRESS_SEQ.NEXTVAL, '8 Mcarthur Ln', 'MCARTHUR LN', 'CAMBRIDGE', 'MA', '02140', 'HOME', 1055
);

/* INSERT QUERY NO: 56 */
INSERT INTO CUSTOMER_ADDRESS(ADDRESS_ID, LINE_1, LINE_2, CITY, STATE, ZIPCODE, TYPE, CUSTOMER_ID)
VALUES
(
CUSTOMER_ADDRESS_SEQ.NEXTVAL, '8 Fair Lawn Ave', 'LAWN AVE', 'CAMBRIDGE', 'MA', '02141', 'HOME', 1056
);

/* INSERT QUERY NO: 57 */
INSERT INTO CUSTOMER_ADDRESS(ADDRESS_ID, LINE_1, LINE_2, CITY, STATE, ZIPCODE, TYPE, CUSTOMER_ID)
VALUES
(
CUSTOMER_ADDRESS_SEQ.NEXTVAL, '9 N 14th St', 'N 14TH ST', 'NEWTON', 'MA', '02459', 'WORK', 1057
);

/* INSERT QUERY NO: 58 */
INSERT INTO CUSTOMER_ADDRESS(ADDRESS_ID, LINE_1, LINE_2, CITY, STATE, ZIPCODE, TYPE, CUSTOMER_ID)
VALUES
(
CUSTOMER_ADDRESS_SEQ.NEXTVAL, '9 Vanowen St', 'VANOWEN ST', 'NEWTON', 'MA', '02460', 'HOME', 1058
);

/* INSERT QUERY NO: 59 */
INSERT INTO CUSTOMER_ADDRESS(ADDRESS_ID, LINE_1, LINE_2, CITY, STATE, ZIPCODE, TYPE, CUSTOMER_ID)
VALUES
(
CUSTOMER_ADDRESS_SEQ.NEXTVAL, '18 Waterloo Geneva Rd', 'GENEVA RD', 'NEWTON', 'MA', '02461', 'HOME', 1059
);

/* INSERT QUERY NO: 60 */
INSERT INTO CUSTOMER_ADDRESS(ADDRESS_ID, LINE_1, LINE_2, CITY, STATE, ZIPCODE, TYPE, CUSTOMER_ID)
VALUES
(
CUSTOMER_ADDRESS_SEQ.NEXTVAL, '506 S Hacienda Dr', 'HACIENDA DR', 'NEWTON', 'MA', '02462', 'HOME', 1060
);

/* INSERT QUERY NO: 61 */
INSERT INTO CUSTOMER_ADDRESS(ADDRESS_ID, LINE_1, LINE_2, CITY, STATE, ZIPCODE, TYPE, CUSTOMER_ID)
VALUES
(
CUSTOMER_ADDRESS_SEQ.NEXTVAL, '3732 Sherman Ave', 'SHERMAN AVE', 'SOMERVILLE', 'MA', '02143', 'HOME', 1061
);

/* INSERT QUERY NO: 62 */
INSERT INTO CUSTOMER_ADDRESS(ADDRESS_ID, LINE_1, LINE_2, CITY, STATE, ZIPCODE, TYPE, CUSTOMER_ID)
VALUES
(
CUSTOMER_ADDRESS_SEQ.NEXTVAL, '25657 Live Oak St', 'OAK ST', 'SOMERVILLE', 'MA', '02144', 'HOME', 1062
);

/* INSERT QUERY NO: 63 */
INSERT INTO CUSTOMER_ADDRESS(ADDRESS_ID, LINE_1, LINE_2, CITY, STATE, ZIPCODE, TYPE, CUSTOMER_ID)
VALUES
(
CUSTOMER_ADDRESS_SEQ.NEXTVAL, '4923 Carey Ave', 'CAREY AVE', 'MALDEN', 'MA', '02148', 'HOME', 1063
);

/* INSERT QUERY NO: 64 */
INSERT INTO CUSTOMER_ADDRESS(ADDRESS_ID, LINE_1, LINE_2, CITY, STATE, ZIPCODE, TYPE, CUSTOMER_ID)
VALUES
(
CUSTOMER_ADDRESS_SEQ.NEXTVAL, '3196 S Rider Trl', 'RIDER TRL', 'EVERETT', 'MA', '02149', 'HOME', 1064
);

/* INSERT QUERY NO: 65 */
INSERT INTO CUSTOMER_ADDRESS(ADDRESS_ID, LINE_1, LINE_2, CITY, STATE, ZIPCODE, TYPE, CUSTOMER_ID)
VALUES
(
CUSTOMER_ADDRESS_SEQ.NEXTVAL, '87393 E Highland Rd', 'HIGHLAND RD', 'BOSTON', 'MA', '02117', 'WORK', 1065
);

/* INSERT QUERY NO: 66 */
INSERT INTO CUSTOMER_ADDRESS(ADDRESS_ID, LINE_1, LINE_2, CITY, STATE, ZIPCODE, TYPE, CUSTOMER_ID)
VALUES
(
CUSTOMER_ADDRESS_SEQ.NEXTVAL, '67 E Chestnut Hill Rd', 'HILL RD', 'BOSTON', 'MA', '02116', 'HOME', 1066
);

/* INSERT QUERY NO: 67 */
INSERT INTO CUSTOMER_ADDRESS(ADDRESS_ID, LINE_1, LINE_2, CITY, STATE, ZIPCODE, TYPE, CUSTOMER_ID)
VALUES
(
CUSTOMER_ADDRESS_SEQ.NEXTVAL, '6882 Torresdale Ave', 'TORRESDALE AVE', 'BOSTON', 'MA', '02119', 'HOME', 1067
);

/* INSERT QUERY NO: 68 */
INSERT INTO CUSTOMER_ADDRESS(ADDRESS_ID, LINE_1, LINE_2, CITY, STATE, ZIPCODE, TYPE, CUSTOMER_ID)
VALUES
(
CUSTOMER_ADDRESS_SEQ.NEXTVAL, '985 E 6th Ave', 'E 6TH AVE', 'BOSTON', 'MA', '02115', 'HOME', 1068
);

/* INSERT QUERY NO: 69 */
INSERT INTO CUSTOMER_ADDRESS(ADDRESS_ID, LINE_1, LINE_2, CITY, STATE, ZIPCODE, TYPE, CUSTOMER_ID)
VALUES
(
CUSTOMER_ADDRESS_SEQ.NEXTVAL, '26659 N 13th St', 'N 13TH ST', 'CAMBRIDGE', 'MA', '02138', 'HOME', 1069
);

/* INSERT QUERY NO: 70 */
INSERT INTO CUSTOMER_ADDRESS(ADDRESS_ID, LINE_1, LINE_2, CITY, STATE, ZIPCODE, TYPE, CUSTOMER_ID)
VALUES
(
CUSTOMER_ADDRESS_SEQ.NEXTVAL, '759 Eldora St', 'ELDORA ST', 'CAMBRIDGE', 'MA', '02139', 'HOME', 1070
);

/* INSERT QUERY NO: 71 */
INSERT INTO CUSTOMER_ADDRESS(ADDRESS_ID, LINE_1, LINE_2, CITY, STATE, ZIPCODE, TYPE, CUSTOMER_ID)
VALUES
(
CUSTOMER_ADDRESS_SEQ.NEXTVAL, '944 Gaither Dr', 'GAITHER DR', 'CAMBRIDGE', 'MA', '02140', 'HOME', 1071
);

/* INSERT QUERY NO: 72 */
INSERT INTO CUSTOMER_ADDRESS(ADDRESS_ID, LINE_1, LINE_2, CITY, STATE, ZIPCODE, TYPE, CUSTOMER_ID)
VALUES
(
CUSTOMER_ADDRESS_SEQ.NEXTVAL, '66552 Malone Rd', 'MALONE RD', 'CAMBRIDGE', 'MA', '02141', 'WORK', 1072
);

/* INSERT QUERY NO: 73 */
INSERT INTO CUSTOMER_ADDRESS(ADDRESS_ID, LINE_1, LINE_2, CITY, STATE, ZIPCODE, TYPE, CUSTOMER_ID)
VALUES
(
CUSTOMER_ADDRESS_SEQ.NEXTVAL, '25346 New Rd', 'NEW RD', 'NEWTON', 'MA', '02459', 'WORK', 1073
);

/* INSERT QUERY NO: 74 */
INSERT INTO CUSTOMER_ADDRESS(ADDRESS_ID, LINE_1, LINE_2, CITY, STATE, ZIPCODE, TYPE, CUSTOMER_ID)
VALUES
(
CUSTOMER_ADDRESS_SEQ.NEXTVAL, '60 Fillmore Ave', 'FILLMORE AVE', 'NEWTON', 'MA', '02460', 'WORK', 1074
);

/* INSERT QUERY NO: 75 */
INSERT INTO CUSTOMER_ADDRESS(ADDRESS_ID, LINE_1, LINE_2, CITY, STATE, ZIPCODE, TYPE, CUSTOMER_ID)
VALUES
(
CUSTOMER_ADDRESS_SEQ.NEXTVAL, '6535 Joyce St', 'JOYCE ST', 'NEWTON', 'MA', '02461', 'WORK', 1075
);

/* INSERT QUERY NO: 76 */
INSERT INTO CUSTOMER_ADDRESS(ADDRESS_ID, LINE_1, LINE_2, CITY, STATE, ZIPCODE, TYPE, CUSTOMER_ID)
VALUES
(
CUSTOMER_ADDRESS_SEQ.NEXTVAL, '78112 Morris Ave', 'MORRIS AVE', 'NEWTON', 'MA', '02462', 'HOME', 1076
);

/* INSERT QUERY NO: 77 */
INSERT INTO CUSTOMER_ADDRESS(ADDRESS_ID, LINE_1, LINE_2, CITY, STATE, ZIPCODE, TYPE, CUSTOMER_ID)
VALUES
(
CUSTOMER_ADDRESS_SEQ.NEXTVAL, '96950 Hidden Ln', 'HIDDEN LN', 'SOMERVILLE', 'MA', '02143', 'WORK', 1077
);

/* INSERT QUERY NO: 78 */
INSERT INTO CUSTOMER_ADDRESS(ADDRESS_ID, LINE_1, LINE_2, CITY, STATE, ZIPCODE, TYPE, CUSTOMER_ID)
VALUES
(
CUSTOMER_ADDRESS_SEQ.NEXTVAL, '3718 S Main St', 'MAIN ST', 'SOMERVILLE', 'MA', '02144', 'HOME', 1078
);

/* INSERT QUERY NO: 79 */
INSERT INTO CUSTOMER_ADDRESS(ADDRESS_ID, LINE_1, LINE_2, CITY, STATE, ZIPCODE, TYPE, CUSTOMER_ID)
VALUES
(
CUSTOMER_ADDRESS_SEQ.NEXTVAL, '9677 Commerce Dr', 'COMMERCE DR', 'MALDEN', 'MA', '02148', 'HOME', 1079
);

/* INSERT QUERY NO: 80 */
INSERT INTO CUSTOMER_ADDRESS(ADDRESS_ID, LINE_1, LINE_2, CITY, STATE, ZIPCODE, TYPE, CUSTOMER_ID)
VALUES
(
CUSTOMER_ADDRESS_SEQ.NEXTVAL, '1950 5th Ave', 'TH AVE', 'EVERETT', 'MA', '02149', 'HOME', 1080
);

/* INSERT QUERY NO: 81 */
INSERT INTO CUSTOMER_ADDRESS(ADDRESS_ID, LINE_1, LINE_2, CITY, STATE, ZIPCODE, TYPE, CUSTOMER_ID)
VALUES
(
CUSTOMER_ADDRESS_SEQ.NEXTVAL, '61304 N French Rd', 'FRENCH RD', 'BOSTON', 'MA', '02117', 'HOME', 1081
);

/* INSERT QUERY NO: 82 */
INSERT INTO CUSTOMER_ADDRESS(ADDRESS_ID, LINE_1, LINE_2, CITY, STATE, ZIPCODE, TYPE, CUSTOMER_ID)
VALUES
(
CUSTOMER_ADDRESS_SEQ.NEXTVAL, '94 W Dodge Rd', 'DODGE RD', 'BOSTON', 'MA', '02116', 'WORK', 1082
);

/* INSERT QUERY NO: 83 */
INSERT INTO CUSTOMER_ADDRESS(ADDRESS_ID, LINE_1, LINE_2, CITY, STATE, ZIPCODE, TYPE, CUSTOMER_ID)
VALUES
(
CUSTOMER_ADDRESS_SEQ.NEXTVAL, '5221 Bear Valley Rd', 'VALLEY RD', 'BOSTON', 'MA', '02119', 'HOME', 1083
);

/* INSERT QUERY NO: 84 */
INSERT INTO CUSTOMER_ADDRESS(ADDRESS_ID, LINE_1, LINE_2, CITY, STATE, ZIPCODE, TYPE, CUSTOMER_ID)
VALUES
(
CUSTOMER_ADDRESS_SEQ.NEXTVAL, '9648 S Main', 'S MAIN', 'BOSTON', 'MA', '02115', 'HOME', 1084
);

/* INSERT QUERY NO: 85 */
INSERT INTO CUSTOMER_ADDRESS(ADDRESS_ID, LINE_1, LINE_2, CITY, STATE, ZIPCODE, TYPE, CUSTOMER_ID)
VALUES
(
CUSTOMER_ADDRESS_SEQ.NEXTVAL, '7 S San Marcos Rd', 'MARCOS RD', 'CAMBRIDGE', 'MA', '02138', 'HOME', 1085
);

/* INSERT QUERY NO: 86 */
INSERT INTO CUSTOMER_ADDRESS(ADDRESS_ID, LINE_1, LINE_2, CITY, STATE, ZIPCODE, TYPE, CUSTOMER_ID)
VALUES
(
CUSTOMER_ADDRESS_SEQ.NEXTVAL, '812 S Haven St', 'HAVEN ST', 'CAMBRIDGE', 'MA', '02139', 'WORK', 1086
);

/* INSERT QUERY NO: 87 */
INSERT INTO CUSTOMER_ADDRESS(ADDRESS_ID, LINE_1, LINE_2, CITY, STATE, ZIPCODE, TYPE, CUSTOMER_ID)
VALUES
(
CUSTOMER_ADDRESS_SEQ.NEXTVAL, '4 E Colonial Dr', 'COLONIAL DR', 'CAMBRIDGE', 'MA', '02140', 'WORK', 1087
);

/* INSERT QUERY NO: 88 */
INSERT INTO CUSTOMER_ADDRESS(ADDRESS_ID, LINE_1, LINE_2, CITY, STATE, ZIPCODE, TYPE, CUSTOMER_ID)
VALUES
(
CUSTOMER_ADDRESS_SEQ.NEXTVAL, '9 Waydell St', 'WAYDELL ST', 'CAMBRIDGE', 'MA', '02141', 'WORK', 1088
);

/* INSERT QUERY NO: 89 */
INSERT INTO CUSTOMER_ADDRESS(ADDRESS_ID, LINE_1, LINE_2, CITY, STATE, ZIPCODE, TYPE, CUSTOMER_ID)
VALUES
(
CUSTOMER_ADDRESS_SEQ.NEXTVAL, '43 Huey P Long Ave', 'LONG AVE', 'NEWTON', 'MA', '02459', 'WORK', 1089
);

/* INSERT QUERY NO: 90 */
INSERT INTO CUSTOMER_ADDRESS(ADDRESS_ID, LINE_1, LINE_2, CITY, STATE, ZIPCODE, TYPE, CUSTOMER_ID)
VALUES
(
CUSTOMER_ADDRESS_SEQ.NEXTVAL, '22 Bridle Ln', 'BRIDLE LN', 'NEWTON', 'MA', '02460', 'HOME', 1090
);

/* INSERT QUERY NO: 91 */
INSERT INTO CUSTOMER_ADDRESS(ADDRESS_ID, LINE_1, LINE_2, CITY, STATE, ZIPCODE, TYPE, CUSTOMER_ID)
VALUES
(
CUSTOMER_ADDRESS_SEQ.NEXTVAL, '70099 E North Ave', 'NORTH AVE', 'NEWTON', 'MA', '02461', 'HOME', 1091
);

/* INSERT QUERY NO: 92 */
INSERT INTO CUSTOMER_ADDRESS(ADDRESS_ID, LINE_1, LINE_2, CITY, STATE, ZIPCODE, TYPE, CUSTOMER_ID)
VALUES
(
CUSTOMER_ADDRESS_SEQ.NEXTVAL, '3211 E Northeast Loop', 'NORTHEAST LOOP', 'NEWTON', 'MA', '02462', 'HOME', 1092
);

/* INSERT QUERY NO: 93 */
INSERT INTO CUSTOMER_ADDRESS(ADDRESS_ID, LINE_1, LINE_2, CITY, STATE, ZIPCODE, TYPE, CUSTOMER_ID)
VALUES
(
CUSTOMER_ADDRESS_SEQ.NEXTVAL, '26 Montgomery St', 'MONTGOMERY ST', 'SOMERVILLE', 'MA', '02143', 'WORK', 1093
);

/* INSERT QUERY NO: 94 */
INSERT INTO CUSTOMER_ADDRESS(ADDRESS_ID, LINE_1, LINE_2, CITY, STATE, ZIPCODE, TYPE, CUSTOMER_ID)
VALUES
(
CUSTOMER_ADDRESS_SEQ.NEXTVAL, '13252 Lighthouse Ave', 'LIGHTHOUSE AVE', 'SOMERVILLE', 'MA', '02144', 'HOME', 1094
);

/* INSERT QUERY NO: 95 */
INSERT INTO CUSTOMER_ADDRESS(ADDRESS_ID, LINE_1, LINE_2, CITY, STATE, ZIPCODE, TYPE, CUSTOMER_ID)
VALUES
(
CUSTOMER_ADDRESS_SEQ.NEXTVAL, '96541 W Central Blvd', 'CENTRAL BLVD', 'MALDEN', 'MA', '02148', 'HOME', 1095
);

/* INSERT QUERY NO: 96 */
INSERT INTO CUSTOMER_ADDRESS(ADDRESS_ID, LINE_1, LINE_2, CITY, STATE, ZIPCODE, TYPE, CUSTOMER_ID)
VALUES
(
CUSTOMER_ADDRESS_SEQ.NEXTVAL, '47857 Coney Island Ave', 'ISLAND AVE', 'EVERETT', 'MA', '02149', 'HOME', 1096
);

/* INSERT QUERY NO: 97 */
INSERT INTO CUSTOMER_ADDRESS(ADDRESS_ID, LINE_1, LINE_2, CITY, STATE, ZIPCODE, TYPE, CUSTOMER_ID)
VALUES
(
CUSTOMER_ADDRESS_SEQ.NEXTVAL, '8573 Lincoln Blvd', 'LINCOLN BLVD', 'BOSTON', 'MA', '02117', 'HOME', 1097
);

/* INSERT QUERY NO: 98 */
INSERT INTO CUSTOMER_ADDRESS(ADDRESS_ID, LINE_1, LINE_2, CITY, STATE, ZIPCODE, TYPE, CUSTOMER_ID)
VALUES
(
CUSTOMER_ADDRESS_SEQ.NEXTVAL, '3829 Ventura Blvd', 'VENTURA BLVD', 'EVERETT', 'MA', '02149', 'HOME', 1098
);

/* INSERT QUERY NO: 99 */
INSERT INTO CUSTOMER_ADDRESS(ADDRESS_ID, LINE_1, LINE_2, CITY, STATE, ZIPCODE, TYPE, CUSTOMER_ID)
VALUES
(
CUSTOMER_ADDRESS_SEQ.NEXTVAL, '13 S Hacienda Dr', 'HACIENDA DR', 'SOMERVILLE', 'MA', '02143', 'WORK', 1099
);

-------------------------------------------------------------------------------------
-- Discount Data
---------------------------------------------------------------------------------------

INSERT INTO DISCOUNT(DISCOUNT_ID,CUSTOMER_ID,DESCRIPTION_DISCOUNT,PERCENTAGE,START_DATE,END_DATE)VALUES(400,1037,'Welcome 50',25,'12-Apr-2022','12-Dec-2022');
INSERT INTO DISCOUNT(DISCOUNT_ID,CUSTOMER_ID,DESCRIPTION_DISCOUNT,PERCENTAGE,START_DATE,END_DATE)VALUES(401,1032,'Welcome 50',25,'12-Aug-2022','12-Sep-2022');
INSERT INTO DISCOUNT(DISCOUNT_ID,CUSTOMER_ID,DESCRIPTION_DISCOUNT,PERCENTAGE,START_DATE,END_DATE)VALUES(402,1026,'Welcome 50',25,'22-Dec-2022','22-Jan-2023');
INSERT INTO DISCOUNT(DISCOUNT_ID,CUSTOMER_ID,DESCRIPTION_DISCOUNT,PERCENTAGE,START_DATE,END_DATE)VALUES(403,1028,'Welcome 50',25,'12-Apr-2022','12-Dec-2022');
INSERT INTO DISCOUNT(DISCOUNT_ID,CUSTOMER_ID,DESCRIPTION_DISCOUNT,PERCENTAGE,START_DATE,END_DATE)VALUES(404,1069,'Welcome 50',25,'22-Aug-2022','22-Sep-2022');
INSERT INTO DISCOUNT(DISCOUNT_ID,CUSTOMER_ID,DESCRIPTION_DISCOUNT,PERCENTAGE,START_DATE,END_DATE)VALUES(405,1036,'Welcome 50',25,'21-Jul-2022','21-Aug-2022');
INSERT INTO DISCOUNT(DISCOUNT_ID,CUSTOMER_ID,DESCRIPTION_DISCOUNT,PERCENTAGE,START_DATE,END_DATE)VALUES(406,1031,'Welcome 50',25,'18-Apr-2022','18-May-2022');
INSERT INTO DISCOUNT(DISCOUNT_ID,CUSTOMER_ID,DESCRIPTION_DISCOUNT,PERCENTAGE,START_DATE,END_DATE)VALUES(407,1075,'Welcome 50',25,'12-Apr-2022','12-Dec-2022');
INSERT INTO DISCOUNT(DISCOUNT_ID,CUSTOMER_ID,DESCRIPTION_DISCOUNT,PERCENTAGE,START_DATE,END_DATE)VALUES(408,1054,'Welcome 50',25,'02-Apr-2022','02-May-2022');
INSERT INTO DISCOUNT(DISCOUNT_ID,CUSTOMER_ID,DESCRIPTION_DISCOUNT,PERCENTAGE,START_DATE,END_DATE)VALUES(409,1041,'Welcome 50',25,'12-Apr-2022','12-Dec-2022');
INSERT INTO DISCOUNT(DISCOUNT_ID,CUSTOMER_ID,DESCRIPTION_DISCOUNT,PERCENTAGE,START_DATE,END_DATE)VALUES(410,1054,'Welcome 50',25,'05-Mar-2022','05-Apr-2022');


-------------------------------------------------------------------------------------
-- Payment Data
---------------------------------------------------------------------------------------


/* INSERT QUERY NO: 1 */
INSERT INTO PAYMENT(PAYMENT_ID, CUSTOMER_ID, AMOUNT, PAYMENT_DATE, DISCOUNT_ID, EXTRA_FEE)
VALUES
(
PAYMENTSEQ.NEXTVAL, 1099, 5, '30-Nov-21', '', 0
);

/* INSERT QUERY NO: 2 */
INSERT INTO PAYMENT(PAYMENT_ID, CUSTOMER_ID, AMOUNT, PAYMENT_DATE, DISCOUNT_ID, EXTRA_FEE)
VALUES
(
PAYMENTSEQ.NEXTVAL, 1033, 5, '6-Dec-21', '', 0
);

/* INSERT QUERY NO: 3 */
INSERT INTO PAYMENT(PAYMENT_ID, CUSTOMER_ID, AMOUNT, PAYMENT_DATE, DISCOUNT_ID, EXTRA_FEE)
VALUES
(
PAYMENTSEQ.NEXTVAL, 1045, 5, '23-May-20', '', 0
);

/* INSERT QUERY NO: 4 */
INSERT INTO PAYMENT(PAYMENT_ID, CUSTOMER_ID, AMOUNT, PAYMENT_DATE, DISCOUNT_ID, EXTRA_FEE)
VALUES
(
PAYMENTSEQ.NEXTVAL, 1022, 5, '12-Dec-20', '', 0
);

/* INSERT QUERY NO: 5 */
INSERT INTO PAYMENT(PAYMENT_ID, CUSTOMER_ID, AMOUNT, PAYMENT_DATE, DISCOUNT_ID, EXTRA_FEE)
VALUES
(
PAYMENTSEQ.NEXTVAL, 1046, 5, '3-Mar-21', '', 0
);

/* INSERT QUERY NO: 6 */
INSERT INTO PAYMENT(PAYMENT_ID, CUSTOMER_ID, AMOUNT, PAYMENT_DATE, DISCOUNT_ID, EXTRA_FEE)
VALUES
(
PAYMENTSEQ.NEXTVAL, 1022, 5, '6-Feb-21', '', 0
);

/* INSERT QUERY NO: 7 */
INSERT INTO PAYMENT(PAYMENT_ID, CUSTOMER_ID, AMOUNT, PAYMENT_DATE, DISCOUNT_ID, EXTRA_FEE)
VALUES
(
PAYMENTSEQ.NEXTVAL, 1093, 5, '7-Apr-21', '', 0
);

/* INSERT QUERY NO: 8 */
INSERT INTO PAYMENT(PAYMENT_ID, CUSTOMER_ID, AMOUNT, PAYMENT_DATE, DISCOUNT_ID, EXTRA_FEE)
VALUES
(
PAYMENTSEQ.NEXTVAL, 1055, 5, '8-Mar-22', '', 0
);

/* INSERT QUERY NO: 9 */
INSERT INTO PAYMENT(PAYMENT_ID, CUSTOMER_ID, AMOUNT, PAYMENT_DATE, DISCOUNT_ID, EXTRA_FEE)
VALUES
(
PAYMENTSEQ.NEXTVAL, 1072, 5, '17-Dec-20', '', 0
);

/* INSERT QUERY NO: 10 */
INSERT INTO PAYMENT(PAYMENT_ID, CUSTOMER_ID, AMOUNT, PAYMENT_DATE, DISCOUNT_ID, EXTRA_FEE)
VALUES
(
PAYMENTSEQ.NEXTVAL, 1057, 5, '13-Jul-21', '', 0
);

/* INSERT QUERY NO: 11 */
INSERT INTO PAYMENT(PAYMENT_ID, CUSTOMER_ID, AMOUNT, PAYMENT_DATE, DISCOUNT_ID, EXTRA_FEE)
VALUES
(
PAYMENTSEQ.NEXTVAL, 1017, 5, '18-Jan-20', '', 0
);

/* INSERT QUERY NO: 12 */
INSERT INTO PAYMENT(PAYMENT_ID, CUSTOMER_ID, AMOUNT, PAYMENT_DATE, DISCOUNT_ID, EXTRA_FEE)
VALUES
(
PAYMENTSEQ.NEXTVAL, 1024, 5, '21-Feb-22', '', 0
);

/* INSERT QUERY NO: 13 */
INSERT INTO PAYMENT(PAYMENT_ID, CUSTOMER_ID, AMOUNT, PAYMENT_DATE, DISCOUNT_ID, EXTRA_FEE)
VALUES
(
PAYMENTSEQ.NEXTVAL, 1086, 5, '9-Jun-20', '', 0
);

/* INSERT QUERY NO: 14 */
INSERT INTO PAYMENT(PAYMENT_ID, CUSTOMER_ID, AMOUNT, PAYMENT_DATE, DISCOUNT_ID, EXTRA_FEE)
VALUES
(
PAYMENTSEQ.NEXTVAL, 1021, 5, '30-Apr-20', '', 0
);

/* INSERT QUERY NO: 15 */
INSERT INTO PAYMENT(PAYMENT_ID, CUSTOMER_ID, AMOUNT, PAYMENT_DATE, DISCOUNT_ID, EXTRA_FEE)
VALUES
(
PAYMENTSEQ.NEXTVAL, 1037, 5, '28-Sep-21', '400', 0
);

/* INSERT QUERY NO: 16 */
INSERT INTO PAYMENT(PAYMENT_ID, CUSTOMER_ID, AMOUNT, PAYMENT_DATE, DISCOUNT_ID, EXTRA_FEE)
VALUES
(
PAYMENTSEQ.NEXTVAL, 1032, 5, '2-Mar-21', '401', 0
);

/* INSERT QUERY NO: 17 */
INSERT INTO PAYMENT(PAYMENT_ID, CUSTOMER_ID, AMOUNT, PAYMENT_DATE, DISCOUNT_ID, EXTRA_FEE)
VALUES
(
PAYMENTSEQ.NEXTVAL, 1026, 5, '31-Jan-20', '402', 0
);

/* INSERT QUERY NO: 18 */
INSERT INTO PAYMENT(PAYMENT_ID, CUSTOMER_ID, AMOUNT, PAYMENT_DATE, DISCOUNT_ID, EXTRA_FEE)
VALUES
(
PAYMENTSEQ.NEXTVAL, 1028, 5, '2-Mar-21', '403', 0
);

/* INSERT QUERY NO: 19 */
INSERT INTO PAYMENT(PAYMENT_ID, CUSTOMER_ID, AMOUNT, PAYMENT_DATE, DISCOUNT_ID, EXTRA_FEE)
VALUES
(
PAYMENTSEQ.NEXTVAL, 1069, 5, '14-May-21', '404', 0
);

/* INSERT QUERY NO: 20 */
INSERT INTO PAYMENT(PAYMENT_ID, CUSTOMER_ID, AMOUNT, PAYMENT_DATE, DISCOUNT_ID, EXTRA_FEE)
VALUES
(
PAYMENTSEQ.NEXTVAL, 1036, 5, '11-Mar-22', '405', 0
);

/* INSERT QUERY NO: 21 */
INSERT INTO PAYMENT(PAYMENT_ID, CUSTOMER_ID, AMOUNT, PAYMENT_DATE, DISCOUNT_ID, EXTRA_FEE)
VALUES
(
PAYMENTSEQ.NEXTVAL, 1031, 5, '11-Jan-21', '406', 0
);

/* INSERT QUERY NO: 22 */
INSERT INTO PAYMENT(PAYMENT_ID, CUSTOMER_ID, AMOUNT, PAYMENT_DATE, DISCOUNT_ID, EXTRA_FEE)
VALUES
(
PAYMENTSEQ.NEXTVAL, 1075, 5, '26-Jan-22', '407', 0
);

/* INSERT QUERY NO: 23 */
INSERT INTO PAYMENT(PAYMENT_ID, CUSTOMER_ID, AMOUNT, PAYMENT_DATE, DISCOUNT_ID, EXTRA_FEE)
VALUES
(
PAYMENTSEQ.NEXTVAL, 1054, 5, '21-Jul-20', '408', 0
);

/* INSERT QUERY NO: 24 */
INSERT INTO PAYMENT(PAYMENT_ID, CUSTOMER_ID, AMOUNT, PAYMENT_DATE, DISCOUNT_ID, EXTRA_FEE)
VALUES
(
PAYMENTSEQ.NEXTVAL, 1041, 5, '16-Jun-21', '409', 0
);

/* INSERT QUERY NO: 25 */
INSERT INTO PAYMENT(PAYMENT_ID, CUSTOMER_ID, AMOUNT, PAYMENT_DATE, DISCOUNT_ID, EXTRA_FEE)
VALUES
(
PAYMENTSEQ.NEXTVAL, 1054, 5, '24-Oct-21', '410', 0
);

/* INSERT QUERY NO: 26 */
INSERT INTO PAYMENT(PAYMENT_ID, CUSTOMER_ID, AMOUNT, PAYMENT_DATE, DISCOUNT_ID, EXTRA_FEE)
VALUES
(
PAYMENTSEQ.NEXTVAL, 1087, 5, '2-Nov-21', '', 0
);

/* INSERT QUERY NO: 27 */
INSERT INTO PAYMENT(PAYMENT_ID, CUSTOMER_ID, AMOUNT, PAYMENT_DATE, DISCOUNT_ID, EXTRA_FEE)
VALUES
(
PAYMENTSEQ.NEXTVAL, 1060, 5, '30-Sep-20', '', 0
);

/* INSERT QUERY NO: 28 */
INSERT INTO PAYMENT(PAYMENT_ID, CUSTOMER_ID, AMOUNT, PAYMENT_DATE, DISCOUNT_ID, EXTRA_FEE)
VALUES
(
PAYMENTSEQ.NEXTVAL, 1089, 5, '26-Oct-21', '', 0
);

/* INSERT QUERY NO: 29 */
INSERT INTO PAYMENT(PAYMENT_ID, CUSTOMER_ID, AMOUNT, PAYMENT_DATE, DISCOUNT_ID, EXTRA_FEE)
VALUES
(
PAYMENTSEQ.NEXTVAL, 1078, 5, '30-Mar-20', '', 0
);

/* INSERT QUERY NO: 30 */
INSERT INTO PAYMENT(PAYMENT_ID, CUSTOMER_ID, AMOUNT, PAYMENT_DATE, DISCOUNT_ID, EXTRA_FEE)
VALUES
(
PAYMENTSEQ.NEXTVAL, 1042, 5, '9-Jun-20', '', 0
);

/* INSERT QUERY NO: 31 */
INSERT INTO PAYMENT(PAYMENT_ID, CUSTOMER_ID, AMOUNT, PAYMENT_DATE, DISCOUNT_ID, EXTRA_FEE)
VALUES
(
PAYMENTSEQ.NEXTVAL, 1012, 5, '30-Mar-21', '', 0
);

/* INSERT QUERY NO: 32 */
INSERT INTO PAYMENT(PAYMENT_ID, CUSTOMER_ID, AMOUNT, PAYMENT_DATE, DISCOUNT_ID, EXTRA_FEE)
VALUES
(
PAYMENTSEQ.NEXTVAL, 1033, 5, '3-Aug-21', '', 0
);

/* INSERT QUERY NO: 33 */
INSERT INTO PAYMENT(PAYMENT_ID, CUSTOMER_ID, AMOUNT, PAYMENT_DATE, DISCOUNT_ID, EXTRA_FEE)
VALUES
(
PAYMENTSEQ.NEXTVAL, 1001, 5, '9-Mar-20', '', 0
);

/* INSERT QUERY NO: 34 */
INSERT INTO PAYMENT(PAYMENT_ID, CUSTOMER_ID, AMOUNT, PAYMENT_DATE, DISCOUNT_ID, EXTRA_FEE)
VALUES
(
PAYMENTSEQ.NEXTVAL, 1099, 5, '20-Aug-21', '', 0
);

/* INSERT QUERY NO: 35 */
INSERT INTO PAYMENT(PAYMENT_ID, CUSTOMER_ID, AMOUNT, PAYMENT_DATE, DISCOUNT_ID, EXTRA_FEE)
VALUES
(
PAYMENTSEQ.NEXTVAL, 1085, 5, '28-Dec-21', '', 0
);

/* INSERT QUERY NO: 36 */
INSERT INTO PAYMENT(PAYMENT_ID, CUSTOMER_ID, AMOUNT, PAYMENT_DATE, DISCOUNT_ID, EXTRA_FEE)
VALUES
(
PAYMENTSEQ.NEXTVAL, 1079, 5, '12-Sep-21', '', 0
);

/* INSERT QUERY NO: 37 */
INSERT INTO PAYMENT(PAYMENT_ID, CUSTOMER_ID, AMOUNT, PAYMENT_DATE, DISCOUNT_ID, EXTRA_FEE)
VALUES
(
PAYMENTSEQ.NEXTVAL, 1045, 5, '14-Apr-22', '', 0
);

/* INSERT QUERY NO: 38 */
INSERT INTO PAYMENT(PAYMENT_ID, CUSTOMER_ID, AMOUNT, PAYMENT_DATE, DISCOUNT_ID, EXTRA_FEE)
VALUES
(
PAYMENTSEQ.NEXTVAL, 1088, 5, '30-Dec-21', '', 0
);

/* INSERT QUERY NO: 39 */
INSERT INTO PAYMENT(PAYMENT_ID, CUSTOMER_ID, AMOUNT, PAYMENT_DATE, DISCOUNT_ID, EXTRA_FEE)
VALUES
(
PAYMENTSEQ.NEXTVAL, 1009, 5, '1-Nov-21', '', 0
);

/* INSERT QUERY NO: 40 */
INSERT INTO PAYMENT(PAYMENT_ID, CUSTOMER_ID, AMOUNT, PAYMENT_DATE, DISCOUNT_ID, EXTRA_FEE)
VALUES
(
PAYMENTSEQ.NEXTVAL, 1033, 5, '13-Mar-22', '', 0
);

/* INSERT QUERY NO: 41 */
INSERT INTO PAYMENT(PAYMENT_ID, CUSTOMER_ID, AMOUNT, PAYMENT_DATE, DISCOUNT_ID, EXTRA_FEE)
VALUES
(
PAYMENTSEQ.NEXTVAL, 1056, 5, '29-Jul-20', '', 0
);

/* INSERT QUERY NO: 42 */
INSERT INTO PAYMENT(PAYMENT_ID, CUSTOMER_ID, AMOUNT, PAYMENT_DATE, DISCOUNT_ID, EXTRA_FEE)
VALUES
(
PAYMENTSEQ.NEXTVAL, 1012, 5, '27-Jul-21', '', 0
);

/* INSERT QUERY NO: 43 */
INSERT INTO PAYMENT(PAYMENT_ID, CUSTOMER_ID, AMOUNT, PAYMENT_DATE, DISCOUNT_ID, EXTRA_FEE)
VALUES
(
PAYMENTSEQ.NEXTVAL, 1055, 5, '4-Oct-20', '', 0
);

/* INSERT QUERY NO: 44 */
INSERT INTO PAYMENT(PAYMENT_ID, CUSTOMER_ID, AMOUNT, PAYMENT_DATE, DISCOUNT_ID, EXTRA_FEE)
VALUES
(
PAYMENTSEQ.NEXTVAL, 1034, 5, '4-Nov-20', '', 0
);

/* INSERT QUERY NO: 45 */
INSERT INTO PAYMENT(PAYMENT_ID, CUSTOMER_ID, AMOUNT, PAYMENT_DATE, DISCOUNT_ID, EXTRA_FEE)
VALUES
(
PAYMENTSEQ.NEXTVAL, 1013, 5, '10-Sep-20', '', 0
);

/* INSERT QUERY NO: 46 */
INSERT INTO PAYMENT(PAYMENT_ID, CUSTOMER_ID, AMOUNT, PAYMENT_DATE, DISCOUNT_ID, EXTRA_FEE)
VALUES
(
PAYMENTSEQ.NEXTVAL, 1004, 5, '24-Jun-20', '', 0
);

/* INSERT QUERY NO: 47 */
INSERT INTO PAYMENT(PAYMENT_ID, CUSTOMER_ID, AMOUNT, PAYMENT_DATE, DISCOUNT_ID, EXTRA_FEE)
VALUES
(
PAYMENTSEQ.NEXTVAL, 1055, 5, '18-Jul-20', '', 0
);

/* INSERT QUERY NO: 48 */
INSERT INTO PAYMENT(PAYMENT_ID, CUSTOMER_ID, AMOUNT, PAYMENT_DATE, DISCOUNT_ID, EXTRA_FEE)
VALUES
(
PAYMENTSEQ.NEXTVAL, 1047, 5, '6-Feb-20', '', 0
);

/* INSERT QUERY NO: 49 */
INSERT INTO PAYMENT(PAYMENT_ID, CUSTOMER_ID, AMOUNT, PAYMENT_DATE, DISCOUNT_ID, EXTRA_FEE)
VALUES
(
PAYMENTSEQ.NEXTVAL, 1022, 5, '3-Jul-21', '', 0
);

/* INSERT QUERY NO: 50 */
INSERT INTO PAYMENT(PAYMENT_ID, CUSTOMER_ID, AMOUNT, PAYMENT_DATE, DISCOUNT_ID, EXTRA_FEE)
VALUES
(
PAYMENTSEQ.NEXTVAL, 1002, 5, '1-Dec-21', '', 0
);

-------------------------------------------------------------------------------------
-- BIKE DATA
---------------------------------------------------------------------------------------


/* INSERT QUERY NO: 1 */
INSERT INTO BIKE(BIKE_ID, STATUS, COMMISSION_DATE, BIKE_NO, TOTAL_DISTANCE)
VALUES
(
1, 'ACTIVE', '31-Dec-20', 1000, 0
);

/* INSERT QUERY NO: 2 */
INSERT INTO BIKE(BIKE_ID, STATUS, COMMISSION_DATE, BIKE_NO, TOTAL_DISTANCE)
VALUES
(
2, 'ACTIVE', '31-Dec-20', 1001, 0
);

/* INSERT QUERY NO: 3 */
INSERT INTO BIKE(BIKE_ID, STATUS, COMMISSION_DATE, BIKE_NO, TOTAL_DISTANCE)
VALUES
(
3, 'ACTIVE', '31-Dec-20', 1002, 0
);

/* INSERT QUERY NO: 4 */
INSERT INTO BIKE(BIKE_ID, STATUS, COMMISSION_DATE, BIKE_NO, TOTAL_DISTANCE)
VALUES
(
4, 'INACTIVE', '31-Dec-20', 1003, 0
);

/* INSERT QUERY NO: 5 */
INSERT INTO BIKE(BIKE_ID, STATUS, COMMISSION_DATE, BIKE_NO, TOTAL_DISTANCE)
VALUES
(
5, 'ACTIVE', '31-Dec-20', 1004, 0
);

/* INSERT QUERY NO: 6 */
INSERT INTO BIKE(BIKE_ID, STATUS, COMMISSION_DATE, BIKE_NO, TOTAL_DISTANCE)
VALUES
(
6, 'ACTIVE', '31-Dec-20', 1005, 0
);

/* INSERT QUERY NO: 7 */
INSERT INTO BIKE(BIKE_ID, STATUS, COMMISSION_DATE, BIKE_NO, TOTAL_DISTANCE)
VALUES
(
7, 'ACTIVE', '31-Dec-20', 1006, 0
);

/* INSERT QUERY NO: 8 */
INSERT INTO BIKE(BIKE_ID, STATUS, COMMISSION_DATE, BIKE_NO, TOTAL_DISTANCE)
VALUES
(
8, 'ACTIVE', '31-Dec-20', 1007, 0
);

/* INSERT QUERY NO: 9 */
INSERT INTO BIKE(BIKE_ID, STATUS, COMMISSION_DATE, BIKE_NO, TOTAL_DISTANCE)
VALUES
(
9, 'ACTIVE', '31-Dec-20', 1008, 0
);

/* INSERT QUERY NO: 10 */
INSERT INTO BIKE(BIKE_ID, STATUS, COMMISSION_DATE, BIKE_NO, TOTAL_DISTANCE)
VALUES
(
10, 'INACTIVE', '31-Dec-20', 1009, 0
);

/* INSERT QUERY NO: 11 */
INSERT INTO BIKE(BIKE_ID, STATUS, COMMISSION_DATE, BIKE_NO, TOTAL_DISTANCE)
VALUES
(
11, 'ACTIVE', '31-Dec-20', 1010, 0
);

/* INSERT QUERY NO: 12 */
INSERT INTO BIKE(BIKE_ID, STATUS, COMMISSION_DATE, BIKE_NO, TOTAL_DISTANCE)
VALUES
(
12, 'ACTIVE', '31-Dec-20', 1011, 0
);

/* INSERT QUERY NO: 13 */
INSERT INTO BIKE(BIKE_ID, STATUS, COMMISSION_DATE, BIKE_NO, TOTAL_DISTANCE)
VALUES
(
13, 'ACTIVE', '31-Dec-20', 1012, 0
);

/* INSERT QUERY NO: 14 */
INSERT INTO BIKE(BIKE_ID, STATUS, COMMISSION_DATE, BIKE_NO, TOTAL_DISTANCE)
VALUES
(
14, 'ACTIVE', '31-Dec-20', 1013, 0
);

/* INSERT QUERY NO: 15 */
INSERT INTO BIKE(BIKE_ID, STATUS, COMMISSION_DATE, BIKE_NO, TOTAL_DISTANCE)
VALUES
(
15, 'INACTIVE', '31-Dec-20', 1014, 0
);

/* INSERT QUERY NO: 16 */
INSERT INTO BIKE(BIKE_ID, STATUS, COMMISSION_DATE, BIKE_NO, TOTAL_DISTANCE)
VALUES
(
16, 'ACTIVE', '31-Dec-20', 1015, 0
);

/* INSERT QUERY NO: 17 */
INSERT INTO BIKE(BIKE_ID, STATUS, COMMISSION_DATE, BIKE_NO, TOTAL_DISTANCE)
VALUES
(
17, 'ACTIVE', '31-Dec-20', 1016, 0
);

/* INSERT QUERY NO: 18 */
INSERT INTO BIKE(BIKE_ID, STATUS, COMMISSION_DATE, BIKE_NO, TOTAL_DISTANCE)
VALUES
(
18, 'ACTIVE', '31-Dec-20', 1017, 0
);

/* INSERT QUERY NO: 19 */
INSERT INTO BIKE(BIKE_ID, STATUS, COMMISSION_DATE, BIKE_NO, TOTAL_DISTANCE)
VALUES
(
19, 'ACTIVE', '31-Dec-20', 1018, 0
);

/* INSERT QUERY NO: 20 */
INSERT INTO BIKE(BIKE_ID, STATUS, COMMISSION_DATE, BIKE_NO, TOTAL_DISTANCE)
VALUES
(
20, 'ACTIVE', '31-Dec-20', 1019, 0
);

/* INSERT QUERY NO: 21 */
INSERT INTO BIKE(BIKE_ID, STATUS, COMMISSION_DATE, BIKE_NO, TOTAL_DISTANCE)
VALUES
(
21, 'ACTIVE', '31-Dec-20', 1020, 0
);

/* INSERT QUERY NO: 22 */
INSERT INTO BIKE(BIKE_ID, STATUS, COMMISSION_DATE, BIKE_NO, TOTAL_DISTANCE)
VALUES
(
22, 'INACTIVE', '31-Dec-20', 1021, 0
);

/* INSERT QUERY NO: 23 */
INSERT INTO BIKE(BIKE_ID, STATUS, COMMISSION_DATE, BIKE_NO, TOTAL_DISTANCE)
VALUES
(
23, 'ACTIVE', '31-Dec-20', 1022, 0
);

/* INSERT QUERY NO: 24 */
INSERT INTO BIKE(BIKE_ID, STATUS, COMMISSION_DATE, BIKE_NO, TOTAL_DISTANCE)
VALUES
(
24, 'ACTIVE', '31-Dec-20', 1023, 0
);

/* INSERT QUERY NO: 25 */
INSERT INTO BIKE(BIKE_ID, STATUS, COMMISSION_DATE, BIKE_NO, TOTAL_DISTANCE)
VALUES
(
25, 'ACTIVE', '31-Dec-20', 1024, 0
);

/* INSERT QUERY NO: 26 */
INSERT INTO BIKE(BIKE_ID, STATUS, COMMISSION_DATE, BIKE_NO, TOTAL_DISTANCE)
VALUES
(
26, 'ACTIVE', '31-Dec-20', 1025, 0
);

/* INSERT QUERY NO: 27 */
INSERT INTO BIKE(BIKE_ID, STATUS, COMMISSION_DATE, BIKE_NO, TOTAL_DISTANCE)
VALUES
(
27, 'ACTIVE', '31-Dec-20', 1026, 0
);

/* INSERT QUERY NO: 28 */
INSERT INTO BIKE(BIKE_ID, STATUS, COMMISSION_DATE, BIKE_NO, TOTAL_DISTANCE)
VALUES
(
28, 'ACTIVE', '31-Dec-20', 1027, 0
);

/* INSERT QUERY NO: 29 */
INSERT INTO BIKE(BIKE_ID, STATUS, COMMISSION_DATE, BIKE_NO, TOTAL_DISTANCE)
VALUES
(
29, 'INACTIVE', '31-Dec-20', 1028, 0
);

/* INSERT QUERY NO: 30 */
INSERT INTO BIKE(BIKE_ID, STATUS, COMMISSION_DATE, BIKE_NO, TOTAL_DISTANCE)
VALUES
(
30, 'ACTIVE', '31-Dec-20', 1029, 0
);

/* INSERT QUERY NO: 31 */
INSERT INTO BIKE(BIKE_ID, STATUS, COMMISSION_DATE, BIKE_NO, TOTAL_DISTANCE)
VALUES
(
31, 'ACTIVE', '31-Dec-20', 1030, 0
);

/* INSERT QUERY NO: 32 */
INSERT INTO BIKE(BIKE_ID, STATUS, COMMISSION_DATE, BIKE_NO, TOTAL_DISTANCE)
VALUES
(
32, 'ACTIVE', '31-Dec-20', 1031, 0
);

/* INSERT QUERY NO: 33 */
INSERT INTO BIKE(BIKE_ID, STATUS, COMMISSION_DATE, BIKE_NO, TOTAL_DISTANCE)
VALUES
(
33, 'ACTIVE', '31-Dec-20', 1032, 0
);

/* INSERT QUERY NO: 34 */
INSERT INTO BIKE(BIKE_ID, STATUS, COMMISSION_DATE, BIKE_NO, TOTAL_DISTANCE)
VALUES
(
34, 'INACTIVE', '31-Dec-20', 1033, 0
);

/* INSERT QUERY NO: 35 */
INSERT INTO BIKE(BIKE_ID, STATUS, COMMISSION_DATE, BIKE_NO, TOTAL_DISTANCE)
VALUES
(
35, 'ACTIVE', '31-Dec-20', 1034, 0
);

/* INSERT QUERY NO: 36 */
INSERT INTO BIKE(BIKE_ID, STATUS, COMMISSION_DATE, BIKE_NO, TOTAL_DISTANCE)
VALUES
(
36, 'ACTIVE', '31-Dec-20', 1035, 0
);

/* INSERT QUERY NO: 37 */
INSERT INTO BIKE(BIKE_ID, STATUS, COMMISSION_DATE, BIKE_NO, TOTAL_DISTANCE)
VALUES
(
37, 'ACTIVE', '31-Dec-20', 1036, 0
);

/* INSERT QUERY NO: 38 */
INSERT INTO BIKE(BIKE_ID, STATUS, COMMISSION_DATE, BIKE_NO, TOTAL_DISTANCE)
VALUES
(
38, 'ACTIVE', '31-Dec-20', 1037, 0
);

/* INSERT QUERY NO: 39 */
INSERT INTO BIKE(BIKE_ID, STATUS, COMMISSION_DATE, BIKE_NO, TOTAL_DISTANCE)
VALUES
(
39, 'ACTIVE', '31-Dec-20', 1038, 0
);

/* INSERT QUERY NO: 40 */
INSERT INTO BIKE(BIKE_ID, STATUS, COMMISSION_DATE, BIKE_NO, TOTAL_DISTANCE)
VALUES
(
40, 'ACTIVE', '31-Dec-20', 1039, 0
);

/* INSERT QUERY NO: 41 */
INSERT INTO BIKE(BIKE_ID, STATUS, COMMISSION_DATE, BIKE_NO, TOTAL_DISTANCE)
VALUES
(
41, 'INACTIVE', '31-Dec-20', 1040, 0
);

/* INSERT QUERY NO: 42 */
INSERT INTO BIKE(BIKE_ID, STATUS, COMMISSION_DATE, BIKE_NO, TOTAL_DISTANCE)
VALUES
(
42, 'ACTIVE', '31-Dec-20', 1041, 0
);

/* INSERT QUERY NO: 43 */
INSERT INTO BIKE(BIKE_ID, STATUS, COMMISSION_DATE, BIKE_NO, TOTAL_DISTANCE)
VALUES
(
43, 'ACTIVE', '31-Dec-20', 1042, 0
);

/* INSERT QUERY NO: 44 */
INSERT INTO BIKE(BIKE_ID, STATUS, COMMISSION_DATE, BIKE_NO, TOTAL_DISTANCE)
VALUES
(
44, 'ACTIVE', '31-Dec-20', 1043, 0
);

/* INSERT QUERY NO: 45 */
INSERT INTO BIKE(BIKE_ID, STATUS, COMMISSION_DATE, BIKE_NO, TOTAL_DISTANCE)
VALUES
(
45, 'ACTIVE', '31-Dec-20', 1044, 0
);

/* INSERT QUERY NO: 46 */
INSERT INTO BIKE(BIKE_ID, STATUS, COMMISSION_DATE, BIKE_NO, TOTAL_DISTANCE)
VALUES
(
46, 'INACTIVE', '31-Dec-20', 1045, 0
);

/* INSERT QUERY NO: 47 */
INSERT INTO BIKE(BIKE_ID, STATUS, COMMISSION_DATE, BIKE_NO, TOTAL_DISTANCE)
VALUES
(
47, 'ACTIVE', '31-Dec-20', 1046, 0
);

/* INSERT QUERY NO: 48 */
INSERT INTO BIKE(BIKE_ID, STATUS, COMMISSION_DATE, BIKE_NO, TOTAL_DISTANCE)
VALUES
(
48, 'ACTIVE', '31-Dec-20', 1047, 0
);

/* INSERT QUERY NO: 49 */
INSERT INTO BIKE(BIKE_ID, STATUS, COMMISSION_DATE, BIKE_NO, TOTAL_DISTANCE)
VALUES
(
49, 'ACTIVE', '31-Dec-20', 1048, 0
);

/* INSERT QUERY NO: 50 */
INSERT INTO BIKE(BIKE_ID, STATUS, COMMISSION_DATE, BIKE_NO, TOTAL_DISTANCE)
VALUES
(
50, 'ACTIVE', '31-Dec-20', 1049, 0
);

/* INSERT QUERY NO: 51 */
INSERT INTO BIKE(BIKE_ID, STATUS, COMMISSION_DATE, BIKE_NO, TOTAL_DISTANCE)
VALUES
(
51, 'ACTIVE', '31-Dec-20', 1050, 0
);

/* INSERT QUERY NO: 52 */
INSERT INTO BIKE(BIKE_ID, STATUS, COMMISSION_DATE, BIKE_NO, TOTAL_DISTANCE)
VALUES
(
52, 'INACTIVE', '31-Dec-20', 1051, 0
);

/* INSERT QUERY NO: 53 */
INSERT INTO BIKE(BIKE_ID, STATUS, COMMISSION_DATE, BIKE_NO, TOTAL_DISTANCE)
VALUES
(
53, 'ACTIVE', '31-Dec-20', 1052, 0
);

/* INSERT QUERY NO: 54 */
INSERT INTO BIKE(BIKE_ID, STATUS, COMMISSION_DATE, BIKE_NO, TOTAL_DISTANCE)
VALUES
(
54, 'ACTIVE', '31-Dec-20', 1053, 0
);

/* INSERT QUERY NO: 55 */
INSERT INTO BIKE(BIKE_ID, STATUS, COMMISSION_DATE, BIKE_NO, TOTAL_DISTANCE)
VALUES
(
55, 'ACTIVE', '31-Dec-20', 1054, 0
);

/* INSERT QUERY NO: 56 */
INSERT INTO BIKE(BIKE_ID, STATUS, COMMISSION_DATE, BIKE_NO, TOTAL_DISTANCE)
VALUES
(
56, 'ACTIVE', '31-Dec-20', 1055, 0
);

/* INSERT QUERY NO: 57 */
INSERT INTO BIKE(BIKE_ID, STATUS, COMMISSION_DATE, BIKE_NO, TOTAL_DISTANCE)
VALUES
(
57, 'INACTIVE', '31-Dec-20', 1056, 0
);

/* INSERT QUERY NO: 58 */
INSERT INTO BIKE(BIKE_ID, STATUS, COMMISSION_DATE, BIKE_NO, TOTAL_DISTANCE)
VALUES
(
58, 'ACTIVE', '31-Dec-20', 1057, 0
);

/* INSERT QUERY NO: 59 */
INSERT INTO BIKE(BIKE_ID, STATUS, COMMISSION_DATE, BIKE_NO, TOTAL_DISTANCE)
VALUES
(
59, 'ACTIVE', '31-Dec-20', 1058, 0
);

/* INSERT QUERY NO: 60 */
INSERT INTO BIKE(BIKE_ID, STATUS, COMMISSION_DATE, BIKE_NO, TOTAL_DISTANCE)
VALUES
(
60, 'ACTIVE', '31-Dec-20', 1059, 0
);

/* INSERT QUERY NO: 61 */
INSERT INTO BIKE(BIKE_ID, STATUS, COMMISSION_DATE, BIKE_NO, TOTAL_DISTANCE)
VALUES
(
61, 'ACTIVE', '31-Dec-20', 1060, 0
);

/* INSERT QUERY NO: 62 */
INSERT INTO BIKE(BIKE_ID, STATUS, COMMISSION_DATE, BIKE_NO, TOTAL_DISTANCE)
VALUES
(
62, 'ACTIVE', '31-Dec-20', 1061, 0
);

/* INSERT QUERY NO: 63 */
INSERT INTO BIKE(BIKE_ID, STATUS, COMMISSION_DATE, BIKE_NO, TOTAL_DISTANCE)
VALUES
(
63, 'INACTIVE', '31-Dec-20', 1062, 0
);

/* INSERT QUERY NO: 64 */
INSERT INTO BIKE(BIKE_ID, STATUS, COMMISSION_DATE, BIKE_NO, TOTAL_DISTANCE)
VALUES
(
64, 'ACTIVE', '31-Dec-20', 1063, 0
);

/* INSERT QUERY NO: 65 */
INSERT INTO BIKE(BIKE_ID, STATUS, COMMISSION_DATE, BIKE_NO, TOTAL_DISTANCE)
VALUES
(
65, 'ACTIVE', '31-Dec-20', 1064, 0
);

/* INSERT QUERY NO: 66 */
INSERT INTO BIKE(BIKE_ID, STATUS, COMMISSION_DATE, BIKE_NO, TOTAL_DISTANCE)
VALUES
(
66, 'ACTIVE', '31-Dec-20', 1065, 0
);

/* INSERT QUERY NO: 67 */
INSERT INTO BIKE(BIKE_ID, STATUS, COMMISSION_DATE, BIKE_NO, TOTAL_DISTANCE)
VALUES
(
67, 'ACTIVE', '31-Dec-20', 1066, 0
);

/* INSERT QUERY NO: 68 */
INSERT INTO BIKE(BIKE_ID, STATUS, COMMISSION_DATE, BIKE_NO, TOTAL_DISTANCE)
VALUES
(
68, 'INACTIVE', '31-Dec-20', 1067, 0
);

/* INSERT QUERY NO: 69 */
INSERT INTO BIKE(BIKE_ID, STATUS, COMMISSION_DATE, BIKE_NO, TOTAL_DISTANCE)
VALUES
(
69, 'ACTIVE', '31-Dec-20', 1068, 0
);

/* INSERT QUERY NO: 70 */
INSERT INTO BIKE(BIKE_ID, STATUS, COMMISSION_DATE, BIKE_NO, TOTAL_DISTANCE)
VALUES
(
70, 'ACTIVE', '31-Dec-20', 1069, 0
);

/* INSERT QUERY NO: 71 */
INSERT INTO BIKE(BIKE_ID, STATUS, COMMISSION_DATE, BIKE_NO, TOTAL_DISTANCE)
VALUES
(
71, 'ACTIVE', '31-Dec-20', 1070, 0
);

/* INSERT QUERY NO: 72 */
INSERT INTO BIKE(BIKE_ID, STATUS, COMMISSION_DATE, BIKE_NO, TOTAL_DISTANCE)
VALUES
(
72, 'ACTIVE', '31-Dec-20', 1071, 0
);

/* INSERT QUERY NO: 73 */
INSERT INTO BIKE(BIKE_ID, STATUS, COMMISSION_DATE, BIKE_NO, TOTAL_DISTANCE)
VALUES
(
73, 'ACTIVE', '31-Dec-20', 1072, 0
);

/* INSERT QUERY NO: 74 */
INSERT INTO BIKE(BIKE_ID, STATUS, COMMISSION_DATE, BIKE_NO, TOTAL_DISTANCE)
VALUES
(
74, 'ACTIVE', '31-Dec-20', 1073, 0
);

/* INSERT QUERY NO: 75 */
INSERT INTO BIKE(BIKE_ID, STATUS, COMMISSION_DATE, BIKE_NO, TOTAL_DISTANCE)
VALUES
(
75, 'ACTIVE', '31-Dec-20', 1074, 0
);

/* INSERT QUERY NO: 76 */
INSERT INTO BIKE(BIKE_ID, STATUS, COMMISSION_DATE, BIKE_NO, TOTAL_DISTANCE)
VALUES
(
76, 'ACTIVE', '31-Dec-20', 1075, 0
);

/* INSERT QUERY NO: 77 */
INSERT INTO BIKE(BIKE_ID, STATUS, COMMISSION_DATE, BIKE_NO, TOTAL_DISTANCE)
VALUES
(
77, 'ACTIVE', '31-Dec-20', 1076, 0
);

/* INSERT QUERY NO: 78 */
INSERT INTO BIKE(BIKE_ID, STATUS, COMMISSION_DATE, BIKE_NO, TOTAL_DISTANCE)
VALUES
(
78, 'ACTIVE', '31-Dec-20', 1077, 0
);

/* INSERT QUERY NO: 79 */
INSERT INTO BIKE(BIKE_ID, STATUS, COMMISSION_DATE, BIKE_NO, TOTAL_DISTANCE)
VALUES
(
79, 'INACTIVE', '31-Dec-20', 1078, 0
);

/* INSERT QUERY NO: 80 */
INSERT INTO BIKE(BIKE_ID, STATUS, COMMISSION_DATE, BIKE_NO, TOTAL_DISTANCE)
VALUES
(
80, 'ACTIVE', '31-Dec-20', 1079, 0
);

/* INSERT QUERY NO: 81 */
INSERT INTO BIKE(BIKE_ID, STATUS, COMMISSION_DATE, BIKE_NO, TOTAL_DISTANCE)
VALUES
(
81, 'ACTIVE', '31-Dec-20', 1080, 0
);

/* INSERT QUERY NO: 82 */
INSERT INTO BIKE(BIKE_ID, STATUS, COMMISSION_DATE, BIKE_NO, TOTAL_DISTANCE)
VALUES
(
82, 'ACTIVE', '31-Dec-20', 1081, 0
);

/* INSERT QUERY NO: 83 */
INSERT INTO BIKE(BIKE_ID, STATUS, COMMISSION_DATE, BIKE_NO, TOTAL_DISTANCE)
VALUES
(
83, 'ACTIVE', '31-Dec-20', 1082, 0
);

/* INSERT QUERY NO: 84 */
INSERT INTO BIKE(BIKE_ID, STATUS, COMMISSION_DATE, BIKE_NO, TOTAL_DISTANCE)
VALUES
(
84, 'ACTIVE', '31-Dec-20', 1083, 0
);

/* INSERT QUERY NO: 85 */
INSERT INTO BIKE(BIKE_ID, STATUS, COMMISSION_DATE, BIKE_NO, TOTAL_DISTANCE)
VALUES
(
85, 'INACTIVE', '31-Dec-20', 1084, 0
);

/* INSERT QUERY NO: 86 */
INSERT INTO BIKE(BIKE_ID, STATUS, COMMISSION_DATE, BIKE_NO, TOTAL_DISTANCE)
VALUES
(
86, 'ACTIVE', '31-Dec-20', 1085, 0
);

/* INSERT QUERY NO: 87 */
INSERT INTO BIKE(BIKE_ID, STATUS, COMMISSION_DATE, BIKE_NO, TOTAL_DISTANCE)
VALUES
(
87, 'ACTIVE', '31-Dec-20', 1086, 0
);

/* INSERT QUERY NO: 88 */
INSERT INTO BIKE(BIKE_ID, STATUS, COMMISSION_DATE, BIKE_NO, TOTAL_DISTANCE)
VALUES
(
88, 'ACTIVE', '31-Dec-20', 1087, 0
);

/* INSERT QUERY NO: 89 */
INSERT INTO BIKE(BIKE_ID, STATUS, COMMISSION_DATE, BIKE_NO, TOTAL_DISTANCE)
VALUES
(
89, 'ACTIVE', '31-Dec-20', 1088, 0
);

/* INSERT QUERY NO: 90 */
INSERT INTO BIKE(BIKE_ID, STATUS, COMMISSION_DATE, BIKE_NO, TOTAL_DISTANCE)
VALUES
(
90, 'INACTIVE', '31-Dec-20', 1089, 0
);

/* INSERT QUERY NO: 91 */
INSERT INTO BIKE(BIKE_ID, STATUS, COMMISSION_DATE, BIKE_NO, TOTAL_DISTANCE)
VALUES
(
91, 'ACTIVE', '31-Dec-20', 1090, 0
);

/* INSERT QUERY NO: 92 */
INSERT INTO BIKE(BIKE_ID, STATUS, COMMISSION_DATE, BIKE_NO, TOTAL_DISTANCE)
VALUES
(
92, 'ACTIVE', '31-Dec-20', 1091, 0
);

/* INSERT QUERY NO: 93 */
INSERT INTO BIKE(BIKE_ID, STATUS, COMMISSION_DATE, BIKE_NO, TOTAL_DISTANCE)
VALUES
(
93, 'ACTIVE', '31-Dec-20', 1092, 0
);

/* INSERT QUERY NO: 94 */
INSERT INTO BIKE(BIKE_ID, STATUS, COMMISSION_DATE, BIKE_NO, TOTAL_DISTANCE)
VALUES
(
94, 'ACTIVE', '31-Dec-20', 1093, 0
);

/* INSERT QUERY NO: 95 */
INSERT INTO BIKE(BIKE_ID, STATUS, COMMISSION_DATE, BIKE_NO, TOTAL_DISTANCE)
VALUES
(
95, 'ACTIVE', '31-Dec-20', 1094, 0
);

/* INSERT QUERY NO: 96 */
INSERT INTO BIKE(BIKE_ID, STATUS, COMMISSION_DATE, BIKE_NO, TOTAL_DISTANCE)
VALUES
(
96, 'ACTIVE', '31-Dec-20', 1095, 0
);

/* INSERT QUERY NO: 97 */
INSERT INTO BIKE(BIKE_ID, STATUS, COMMISSION_DATE, BIKE_NO, TOTAL_DISTANCE)
VALUES
(
97, 'INACTIVE', '31-Dec-20', 1096, 0
);

/* INSERT QUERY NO: 98 */
INSERT INTO BIKE(BIKE_ID, STATUS, COMMISSION_DATE, BIKE_NO, TOTAL_DISTANCE)
VALUES
(
98, 'ACTIVE', '31-Dec-20', 1097, 0
);

/* INSERT QUERY NO: 99 */
INSERT INTO BIKE(BIKE_ID, STATUS, COMMISSION_DATE, BIKE_NO, TOTAL_DISTANCE)
VALUES
(
99, 'ACTIVE', '31-Dec-20', 1098, 0
);

/* INSERT QUERY NO: 100 */
INSERT INTO BIKE(BIKE_ID, STATUS, COMMISSION_DATE, BIKE_NO, TOTAL_DISTANCE)
VALUES
(
100, 'ACTIVE', '31-Dec-20', 1099, 0
);

/* INSERT QUERY NO: 101 */
INSERT INTO BIKE(BIKE_ID, STATUS, COMMISSION_DATE, BIKE_NO, TOTAL_DISTANCE)
VALUES
(
101, 'ACTIVE', '31-Dec-20', 1100, 0
);

/* INSERT QUERY NO: 102 */
INSERT INTO BIKE(BIKE_ID, STATUS, COMMISSION_DATE, BIKE_NO, TOTAL_DISTANCE)
VALUES
(
102, 'ACTIVE', '31-Dec-20', 1101, 0
);

/* INSERT QUERY NO: 103 */
INSERT INTO BIKE(BIKE_ID, STATUS, COMMISSION_DATE, BIKE_NO, TOTAL_DISTANCE)
VALUES
(
103, 'ACTIVE', '31-Dec-20', 1102, 0
);

/* INSERT QUERY NO: 104 */
INSERT INTO BIKE(BIKE_ID, STATUS, COMMISSION_DATE, BIKE_NO, TOTAL_DISTANCE)
VALUES
(
104, 'INACTIVE', '31-Dec-20', 1103, 0
);

/* INSERT QUERY NO: 105 */
INSERT INTO BIKE(BIKE_ID, STATUS, COMMISSION_DATE, BIKE_NO, TOTAL_DISTANCE)
VALUES
(
105, 'ACTIVE', '31-Dec-20', 1104, 0
);

/* INSERT QUERY NO: 106 */
INSERT INTO BIKE(BIKE_ID, STATUS, COMMISSION_DATE, BIKE_NO, TOTAL_DISTANCE)
VALUES
(
106, 'ACTIVE', '31-Dec-20', 1105, 0
);

/* INSERT QUERY NO: 107 */
INSERT INTO BIKE(BIKE_ID, STATUS, COMMISSION_DATE, BIKE_NO, TOTAL_DISTANCE)
VALUES
(
107, 'ACTIVE', '31-Dec-20', 1106, 0
);

/* INSERT QUERY NO: 108 */
INSERT INTO BIKE(BIKE_ID, STATUS, COMMISSION_DATE, BIKE_NO, TOTAL_DISTANCE)
VALUES
(
108, 'ACTIVE', '31-Dec-20', 1107, 0
);

/* INSERT QUERY NO: 109 */
INSERT INTO BIKE(BIKE_ID, STATUS, COMMISSION_DATE, BIKE_NO, TOTAL_DISTANCE)
VALUES
(
109, 'INACTIVE', '31-Dec-20', 1108, 0
);

/* INSERT QUERY NO: 110 */
INSERT INTO BIKE(BIKE_ID, STATUS, COMMISSION_DATE, BIKE_NO, TOTAL_DISTANCE)
VALUES
(
110, 'ACTIVE', '31-Dec-20', 1109, 0
);

/* INSERT QUERY NO: 111 */
INSERT INTO BIKE(BIKE_ID, STATUS, COMMISSION_DATE, BIKE_NO, TOTAL_DISTANCE)
VALUES
(
111, 'ACTIVE', '31-Dec-20', 1110, 0
);

/* INSERT QUERY NO: 112 */
INSERT INTO BIKE(BIKE_ID, STATUS, COMMISSION_DATE, BIKE_NO, TOTAL_DISTANCE)
VALUES
(
112, 'ACTIVE', '31-Dec-20', 1111, 0
);

/* INSERT QUERY NO: 113 */
INSERT INTO BIKE(BIKE_ID, STATUS, COMMISSION_DATE, BIKE_NO, TOTAL_DISTANCE)
VALUES
(
113, 'ACTIVE', '31-Dec-20', 1112, 0
);

/* INSERT QUERY NO: 114 */
INSERT INTO BIKE(BIKE_ID, STATUS, COMMISSION_DATE, BIKE_NO, TOTAL_DISTANCE)
VALUES
(
114, 'ACTIVE', '31-Dec-20', 1113, 0
);

/* INSERT QUERY NO: 115 */
INSERT INTO BIKE(BIKE_ID, STATUS, COMMISSION_DATE, BIKE_NO, TOTAL_DISTANCE)
VALUES
(
115, 'ACTIVE', '31-Dec-20', 1114, 0
);

/* INSERT QUERY NO: 116 */
INSERT INTO BIKE(BIKE_ID, STATUS, COMMISSION_DATE, BIKE_NO, TOTAL_DISTANCE)
VALUES
(
116, 'INACTIVE', '31-Dec-20', 1115, 0
);

/* INSERT QUERY NO: 117 */
INSERT INTO BIKE(BIKE_ID, STATUS, COMMISSION_DATE, BIKE_NO, TOTAL_DISTANCE)
VALUES
(
117, 'ACTIVE', '31-Dec-20', 1116, 0
);

/* INSERT QUERY NO: 118 */
INSERT INTO BIKE(BIKE_ID, STATUS, COMMISSION_DATE, BIKE_NO, TOTAL_DISTANCE)
VALUES
(
118, 'ACTIVE', '31-Dec-20', 1117, 0
);

/* INSERT QUERY NO: 119 */
INSERT INTO BIKE(BIKE_ID, STATUS, COMMISSION_DATE, BIKE_NO, TOTAL_DISTANCE)
VALUES
(
119, 'ACTIVE', '31-Dec-20', 1118, 0
);

/* INSERT QUERY NO: 120 */
INSERT INTO BIKE(BIKE_ID, STATUS, COMMISSION_DATE, BIKE_NO, TOTAL_DISTANCE)
VALUES
(
120, 'ACTIVE', '31-Dec-20', 1119, 0
);

-------------------------------------------------------------------------------------
-- STATION DATA
---------------------------------------------------------------------------------------


/* INSERT QUERY NO: 1 */
INSERT INTO STATION(STATION_ID, ZIPCODE, STATE, CITY, NAME, CAPACITYS)
VALUES
(
9000, '02117', 'MA', 'BOSTON', 'DOWNTOWN BOSTON', 10
);

/* INSERT QUERY NO: 2 */
INSERT INTO STATION(STATION_ID, ZIPCODE, STATE, CITY, NAME, CAPACITYS)
VALUES
(
9001, '02116', 'MA', 'BOSTON', 'BACK BAY', 15
);

/* INSERT QUERY NO: 3 */
INSERT INTO STATION(STATION_ID, ZIPCODE, STATE, CITY, NAME, CAPACITYS)
VALUES
(
9002, '02119', 'MA', 'BOSTON', 'ROXBURY', 5
);

/* INSERT QUERY NO: 4 */
INSERT INTO STATION(STATION_ID, ZIPCODE, STATE, CITY, NAME, CAPACITYS)
VALUES
(
9003, '02115', 'MA', 'BOSTON', 'LONGWOOD', 5
);

/* INSERT QUERY NO: 5 */
INSERT INTO STATION(STATION_ID, ZIPCODE, STATE, CITY, NAME, CAPACITYS)
VALUES
(
9004, '02138', 'MA', 'CAMBRIDGE', 'HARVARD SQUARE', 5
);

/* INSERT QUERY NO: 6 */
INSERT INTO STATION(STATION_ID, ZIPCODE, STATE, CITY, NAME, CAPACITYS)
VALUES
(
9005, '02139', 'MA', 'CAMBRIDGE', 'INMAN SQUARE', 10
);

/* INSERT QUERY NO: 7 */
INSERT INTO STATION(STATION_ID, ZIPCODE, STATE, CITY, NAME, CAPACITYS)
VALUES
(
9006, '02140', 'MA', 'CAMBRIDGE', 'PORTER SQUARE', 10
);

/* INSERT QUERY NO: 8 */
INSERT INTO STATION(STATION_ID, ZIPCODE, STATE, CITY, NAME, CAPACITYS)
VALUES
(
9007, '02141', 'MA', 'CAMBRIDGE', 'LECHMERE', 15
);

/* INSERT QUERY NO: 9 */
INSERT INTO STATION(STATION_ID, ZIPCODE, STATE, CITY, NAME, CAPACITYS)
VALUES
(
9008, '02459', 'MA', 'NEWTON', 'NEWTON CENTER', 10
);

/* INSERT QUERY NO: 10 */
INSERT INTO STATION(STATION_ID, ZIPCODE, STATE, CITY, NAME, CAPACITYS)
VALUES
(
9009, '02460', 'MA', 'NEWTON', 'NEWTONVILLE', 5
);

/* INSERT QUERY NO: 11 */
INSERT INTO STATION(STATION_ID, ZIPCODE, STATE, CITY, NAME, CAPACITYS)
VALUES
(
9010, '02461', 'MA', 'NEWTON', 'NEWTON HIGHLANDS', 10
);

/* INSERT QUERY NO: 12 */
INSERT INTO STATION(STATION_ID, ZIPCODE, STATE, CITY, NAME, CAPACITYS)
VALUES
(
9011, '02462', 'MA', 'NEWTON', 'NEWTON LOWER FALLS', 15
);

/* INSERT QUERY NO: 13 */
INSERT INTO STATION(STATION_ID, ZIPCODE, STATE, CITY, NAME, CAPACITYS)
VALUES
(
9012, '02143', 'MA', 'SOMERVILLE', 'THE MUSEUM', 10
);

/* INSERT QUERY NO: 14 */
INSERT INTO STATION(STATION_ID, ZIPCODE, STATE, CITY, NAME, CAPACITYS)
VALUES
(
9013, '02144', 'MA', 'SOMERVILLE', 'DAVIS SQUARE', 5
);

/* INSERT QUERY NO: 15 */
INSERT INTO STATION(STATION_ID, ZIPCODE, STATE, CITY, NAME, CAPACITYS)
VALUES
(
9014, '02148', 'MA', 'MALDEN', 'MEDFORD', 10
);

/* INSERT QUERY NO: 16 */
INSERT INTO STATION(STATION_ID, ZIPCODE, STATE, CITY, NAME, CAPACITYS)
VALUES
(
9015, '02149', 'MA', 'EVERETT', 'EVERETT HIGH SCHOOL', 10
);

-------------------------------------------------------------------------------------
-- BIKE AT STATION
---------------------------------------------------------------------------------------

/* INSERT QUERY NO: 1 */
INSERT INTO BIKE_AT_STATION(BIKE_STATION_ID, BIKE_ID, STATION_ID)
VALUES
(
501, 1, 9000
);

/* INSERT QUERY NO: 2 */
INSERT INTO BIKE_AT_STATION(BIKE_STATION_ID, BIKE_ID, STATION_ID)
VALUES
(
502, 2, 9001
);

/* INSERT QUERY NO: 3 */
INSERT INTO BIKE_AT_STATION(BIKE_STATION_ID, BIKE_ID, STATION_ID)
VALUES
(
503, 3, 9001
);

/* INSERT QUERY NO: 4 */
INSERT INTO BIKE_AT_STATION(BIKE_STATION_ID, BIKE_ID, STATION_ID)
VALUES
(
504, 4, 9000
);

/* INSERT QUERY NO: 5 */
INSERT INTO BIKE_AT_STATION(BIKE_STATION_ID, BIKE_ID, STATION_ID)
VALUES
(
505, 5, 9002
);

/* INSERT QUERY NO: 6 */
INSERT INTO BIKE_AT_STATION(BIKE_STATION_ID, BIKE_ID, STATION_ID)
VALUES
(
506, 6, 9002
);

/* INSERT QUERY NO: 7 */
INSERT INTO BIKE_AT_STATION(BIKE_STATION_ID, BIKE_ID, STATION_ID)
VALUES
(
507, 7, 9001
);

/* INSERT QUERY NO: 8 */
INSERT INTO BIKE_AT_STATION(BIKE_STATION_ID, BIKE_ID, STATION_ID)
VALUES
(
508, 8, 9001
);

/* INSERT QUERY NO: 9 */
INSERT INTO BIKE_AT_STATION(BIKE_STATION_ID, BIKE_ID, STATION_ID)
VALUES
(
509, 9, 9001
);

/* INSERT QUERY NO: 10 */
INSERT INTO BIKE_AT_STATION(BIKE_STATION_ID, BIKE_ID, STATION_ID)
VALUES
(
510, 10, 9006
);

/* INSERT QUERY NO: 11 */
INSERT INTO BIKE_AT_STATION(BIKE_STATION_ID, BIKE_ID, STATION_ID)
VALUES
(
511, 11, 9006
);

/* INSERT QUERY NO: 12 */
INSERT INTO BIKE_AT_STATION(BIKE_STATION_ID, BIKE_ID, STATION_ID)
VALUES
(
512, 12, 9000
);

/* INSERT QUERY NO: 13 */
INSERT INTO BIKE_AT_STATION(BIKE_STATION_ID, BIKE_ID, STATION_ID)
VALUES
(
513, 13, 9008
);

/* INSERT QUERY NO: 14 */
INSERT INTO BIKE_AT_STATION(BIKE_STATION_ID, BIKE_ID, STATION_ID)
VALUES
(
514, 14, 9011
);

/* INSERT QUERY NO: 15 */
INSERT INTO BIKE_AT_STATION(BIKE_STATION_ID, BIKE_ID, STATION_ID)
VALUES
(
515, 15, 9011
);

/* INSERT QUERY NO: 16 */
INSERT INTO BIKE_AT_STATION(BIKE_STATION_ID, BIKE_ID, STATION_ID)
VALUES
(
516, 16, 9008
);

/* INSERT QUERY NO: 17 */
INSERT INTO BIKE_AT_STATION(BIKE_STATION_ID, BIKE_ID, STATION_ID)
VALUES
(
517, 17, 9002
);

/* INSERT QUERY NO: 18 */
INSERT INTO BIKE_AT_STATION(BIKE_STATION_ID, BIKE_ID, STATION_ID)
VALUES
(
518, 18, 9011
);

/* INSERT QUERY NO: 19 */
INSERT INTO BIKE_AT_STATION(BIKE_STATION_ID, BIKE_ID, STATION_ID)
VALUES
(
519, 19, 9008
);

/* INSERT QUERY NO: 20 */
INSERT INTO BIKE_AT_STATION(BIKE_STATION_ID, BIKE_ID, STATION_ID)
VALUES
(
520, 20, 9001
);

/* INSERT QUERY NO: 21 */
INSERT INTO BIKE_AT_STATION(BIKE_STATION_ID, BIKE_ID, STATION_ID)
VALUES
(
521, 21, 9001
);

/* INSERT QUERY NO: 22 */
INSERT INTO BIKE_AT_STATION(BIKE_STATION_ID, BIKE_ID, STATION_ID)
VALUES
(
522, 22, 9001
);

/* INSERT QUERY NO: 23 */
INSERT INTO BIKE_AT_STATION(BIKE_STATION_ID, BIKE_ID, STATION_ID)
VALUES
(
523, 23, 9011
);

/* INSERT QUERY NO: 24 */
INSERT INTO BIKE_AT_STATION(BIKE_STATION_ID, BIKE_ID, STATION_ID)
VALUES
(
524, 24, 9011
);

/* INSERT QUERY NO: 25 */
INSERT INTO BIKE_AT_STATION(BIKE_STATION_ID, BIKE_ID, STATION_ID)
VALUES
(
525, 25, 9006
);

/* INSERT QUERY NO: 26 */
INSERT INTO BIKE_AT_STATION(BIKE_STATION_ID, BIKE_ID, STATION_ID)
VALUES
(
526, 26, 9006
);

/* INSERT QUERY NO: 27 */
INSERT INTO BIKE_AT_STATION(BIKE_STATION_ID, BIKE_ID, STATION_ID)
VALUES
(
527, 27, 9000
);

/* INSERT QUERY NO: 28 */
INSERT INTO BIKE_AT_STATION(BIKE_STATION_ID, BIKE_ID, STATION_ID)
VALUES
(
528, 28, 9007
);

/* INSERT QUERY NO: 29 */
INSERT INTO BIKE_AT_STATION(BIKE_STATION_ID, BIKE_ID, STATION_ID)
VALUES
(
529, 29, 9007
);

/* INSERT QUERY NO: 30 */
INSERT INTO BIKE_AT_STATION(BIKE_STATION_ID, BIKE_ID, STATION_ID)
VALUES
(
530, 30, 9007
);

/* INSERT QUERY NO: 31 */
INSERT INTO BIKE_AT_STATION(BIKE_STATION_ID, BIKE_ID, STATION_ID)
VALUES
(
531, 31, 9011
);

/* INSERT QUERY NO: 32 */
INSERT INTO BIKE_AT_STATION(BIKE_STATION_ID, BIKE_ID, STATION_ID)
VALUES
(
532, 32, 9011
);

/* INSERT QUERY NO: 33 */
INSERT INTO BIKE_AT_STATION(BIKE_STATION_ID, BIKE_ID, STATION_ID)
VALUES
(
533, 33, 9006
);

/* INSERT QUERY NO: 34 */
INSERT INTO BIKE_AT_STATION(BIKE_STATION_ID, BIKE_ID, STATION_ID)
VALUES
(
534, 34, 9006
);

/* INSERT QUERY NO: 35 */
INSERT INTO BIKE_AT_STATION(BIKE_STATION_ID, BIKE_ID, STATION_ID)
VALUES
(
535, 35, 9011
);

/* INSERT QUERY NO: 36 */
INSERT INTO BIKE_AT_STATION(BIKE_STATION_ID, BIKE_ID, STATION_ID)
VALUES
(
536, 36, 9011
);

/* INSERT QUERY NO: 37 */
INSERT INTO BIKE_AT_STATION(BIKE_STATION_ID, BIKE_ID, STATION_ID)
VALUES
(
537, 37, 9000
);

/* INSERT QUERY NO: 38 */
INSERT INTO BIKE_AT_STATION(BIKE_STATION_ID, BIKE_ID, STATION_ID)
VALUES
(
538, 38, 9011
);

/* INSERT QUERY NO: 39 */
INSERT INTO BIKE_AT_STATION(BIKE_STATION_ID, BIKE_ID, STATION_ID)
VALUES
(
539, 39, 9011
);

/* INSERT QUERY NO: 40 */
INSERT INTO BIKE_AT_STATION(BIKE_STATION_ID, BIKE_ID, STATION_ID)
VALUES
(
540, 40, 9001
);

/* INSERT QUERY NO: 41 */
INSERT INTO BIKE_AT_STATION(BIKE_STATION_ID, BIKE_ID, STATION_ID)
VALUES
(
541, 41, 9001
);

/* INSERT QUERY NO: 42 */
INSERT INTO BIKE_AT_STATION(BIKE_STATION_ID, BIKE_ID, STATION_ID)
VALUES
(
542, 42, 9001
);

/* INSERT QUERY NO: 43 */
INSERT INTO BIKE_AT_STATION(BIKE_STATION_ID, BIKE_ID, STATION_ID)
VALUES
(
543, 43, 9008
);

/* INSERT QUERY NO: 44 */
INSERT INTO BIKE_AT_STATION(BIKE_STATION_ID, BIKE_ID, STATION_ID)
VALUES
(
544, 44, 9011
);

/* INSERT QUERY NO: 45 */
INSERT INTO BIKE_AT_STATION(BIKE_STATION_ID, BIKE_ID, STATION_ID)
VALUES
(
545, 45, 9012
);

/* INSERT QUERY NO: 46 */
INSERT INTO BIKE_AT_STATION(BIKE_STATION_ID, BIKE_ID, STATION_ID)
VALUES
(
546, 46, 9000
);

/* INSERT QUERY NO: 47 */
INSERT INTO BIKE_AT_STATION(BIKE_STATION_ID, BIKE_ID, STATION_ID)
VALUES
(
547, 47, 9012
);

/* INSERT QUERY NO: 48 */
INSERT INTO BIKE_AT_STATION(BIKE_STATION_ID, BIKE_ID, STATION_ID)
VALUES
(
548, 48, 9012
);

/* INSERT QUERY NO: 49 */
INSERT INTO BIKE_AT_STATION(BIKE_STATION_ID, BIKE_ID, STATION_ID)
VALUES
(
549, 49, 9005
);

/* INSERT QUERY NO: 50 */
INSERT INTO BIKE_AT_STATION(BIKE_STATION_ID, BIKE_ID, STATION_ID)
VALUES
(
550, 50, 9005
);

/* INSERT QUERY NO: 51 */
INSERT INTO BIKE_AT_STATION(BIKE_STATION_ID, BIKE_ID, STATION_ID)
VALUES
(
551, 51, 9010
);

/* INSERT QUERY NO: 52 */
INSERT INTO BIKE_AT_STATION(BIKE_STATION_ID, BIKE_ID, STATION_ID)
VALUES
(
552, 52, 9008
);

/* INSERT QUERY NO: 53 */
INSERT INTO BIKE_AT_STATION(BIKE_STATION_ID, BIKE_ID, STATION_ID)
VALUES
(
553, 53, 9012
);

/* INSERT QUERY NO: 54 */
INSERT INTO BIKE_AT_STATION(BIKE_STATION_ID, BIKE_ID, STATION_ID)
VALUES
(
554, 54, 9012
);

/* INSERT QUERY NO: 55 */
INSERT INTO BIKE_AT_STATION(BIKE_STATION_ID, BIKE_ID, STATION_ID)
VALUES
(
555, 55, 9000
);

/* INSERT QUERY NO: 56 */
INSERT INTO BIKE_AT_STATION(BIKE_STATION_ID, BIKE_ID, STATION_ID)
VALUES
(
556, 56, 9012
);

/* INSERT QUERY NO: 57 */
INSERT INTO BIKE_AT_STATION(BIKE_STATION_ID, BIKE_ID, STATION_ID)
VALUES
(
557, 57, 9005
);

/* INSERT QUERY NO: 58 */
INSERT INTO BIKE_AT_STATION(BIKE_STATION_ID, BIKE_ID, STATION_ID)
VALUES
(
558, 58, 9005
);

/* INSERT QUERY NO: 59 */
INSERT INTO BIKE_AT_STATION(BIKE_STATION_ID, BIKE_ID, STATION_ID)
VALUES
(
559, 59, 9005
);

/* INSERT QUERY NO: 60 */
INSERT INTO BIKE_AT_STATION(BIKE_STATION_ID, BIKE_ID, STATION_ID)
VALUES
(
560, 60, 9007
);

/* INSERT QUERY NO: 61 */
INSERT INTO BIKE_AT_STATION(BIKE_STATION_ID, BIKE_ID, STATION_ID)
VALUES
(
561, 61, 9007
);

/* INSERT QUERY NO: 62 */
INSERT INTO BIKE_AT_STATION(BIKE_STATION_ID, BIKE_ID, STATION_ID)
VALUES
(
562, 62, 9007
);

/* INSERT QUERY NO: 63 */
INSERT INTO BIKE_AT_STATION(BIKE_STATION_ID, BIKE_ID, STATION_ID)
VALUES
(
563, 63, 9012
);

/* INSERT QUERY NO: 64 */
INSERT INTO BIKE_AT_STATION(BIKE_STATION_ID, BIKE_ID, STATION_ID)
VALUES
(
564, 64, 9000
);

/* INSERT QUERY NO: 65 */
INSERT INTO BIKE_AT_STATION(BIKE_STATION_ID, BIKE_ID, STATION_ID)
VALUES
(
565, 65, 9010
);

/* INSERT QUERY NO: 66 */
INSERT INTO BIKE_AT_STATION(BIKE_STATION_ID, BIKE_ID, STATION_ID)
VALUES
(
566, 66, 9012
);

/* INSERT QUERY NO: 67 */
INSERT INTO BIKE_AT_STATION(BIKE_STATION_ID, BIKE_ID, STATION_ID)
VALUES
(
567, 67, 9006
);

/* INSERT QUERY NO: 68 */
INSERT INTO BIKE_AT_STATION(BIKE_STATION_ID, BIKE_ID, STATION_ID)
VALUES
(
568, 68, 9006
);

/* INSERT QUERY NO: 69 */
INSERT INTO BIKE_AT_STATION(BIKE_STATION_ID, BIKE_ID, STATION_ID)
VALUES
(
569, 69, 9013
);

/* INSERT QUERY NO: 70 */
INSERT INTO BIKE_AT_STATION(BIKE_STATION_ID, BIKE_ID, STATION_ID)
VALUES
(
570, 70, 9007
);

/* INSERT QUERY NO: 71 */
INSERT INTO BIKE_AT_STATION(BIKE_STATION_ID, BIKE_ID, STATION_ID)
VALUES
(
571, 71, 9007
);

/* INSERT QUERY NO: 72 */
INSERT INTO BIKE_AT_STATION(BIKE_STATION_ID, BIKE_ID, STATION_ID)
VALUES
(
572, 72, 9007
);

/* INSERT QUERY NO: 73 */
INSERT INTO BIKE_AT_STATION(BIKE_STATION_ID, BIKE_ID, STATION_ID)
VALUES
(
573, 73, 9013
);

/* INSERT QUERY NO: 74 */
INSERT INTO BIKE_AT_STATION(BIKE_STATION_ID, BIKE_ID, STATION_ID)
VALUES
(
574, 74, 9001
);

/* INSERT QUERY NO: 75 */
INSERT INTO BIKE_AT_STATION(BIKE_STATION_ID, BIKE_ID, STATION_ID)
VALUES
(
575, 75, 9013
);

/* INSERT QUERY NO: 76 */
INSERT INTO BIKE_AT_STATION(BIKE_STATION_ID, BIKE_ID, STATION_ID)
VALUES
(
576, 76, 9009
);

/* INSERT QUERY NO: 77 */
INSERT INTO BIKE_AT_STATION(BIKE_STATION_ID, BIKE_ID, STATION_ID)
VALUES
(
577, 77, 9013
);

/* INSERT QUERY NO: 78 */
INSERT INTO BIKE_AT_STATION(BIKE_STATION_ID, BIKE_ID, STATION_ID)
VALUES
(
578, 78, 9005
);

/* INSERT QUERY NO: 79 */
INSERT INTO BIKE_AT_STATION(BIKE_STATION_ID, BIKE_ID, STATION_ID)
VALUES
(
579, 79, 9005
);

/* INSERT QUERY NO: 80 */
INSERT INTO BIKE_AT_STATION(BIKE_STATION_ID, BIKE_ID, STATION_ID)
VALUES
(
580, 80, 9005
);

/* INSERT QUERY NO: 81 */
INSERT INTO BIKE_AT_STATION(BIKE_STATION_ID, BIKE_ID, STATION_ID)
VALUES
(
581, 81, 9007
);

/* INSERT QUERY NO: 82 */
INSERT INTO BIKE_AT_STATION(BIKE_STATION_ID, BIKE_ID, STATION_ID)
VALUES
(
582, 82, 9007
);

/* INSERT QUERY NO: 83 */
INSERT INTO BIKE_AT_STATION(BIKE_STATION_ID, BIKE_ID, STATION_ID)
VALUES
(
583, 83, 9007
);

/* INSERT QUERY NO: 84 */
INSERT INTO BIKE_AT_STATION(BIKE_STATION_ID, BIKE_ID, STATION_ID)
VALUES
(
584, 84, 9009
);

/* INSERT QUERY NO: 85 */
INSERT INTO BIKE_AT_STATION(BIKE_STATION_ID, BIKE_ID, STATION_ID)
VALUES
(
585, 85, 9008
);

/* INSERT QUERY NO: 86 */
INSERT INTO BIKE_AT_STATION(BIKE_STATION_ID, BIKE_ID, STATION_ID)
VALUES
(
586, 86, 9014
);

/* INSERT QUERY NO: 87 */
INSERT INTO BIKE_AT_STATION(BIKE_STATION_ID, BIKE_ID, STATION_ID)
VALUES
(
587, 87, 9014
);

/* INSERT QUERY NO: 88 */
INSERT INTO BIKE_AT_STATION(BIKE_STATION_ID, BIKE_ID, STATION_ID)
VALUES
(
588, 88, 9008
);

/* INSERT QUERY NO: 89 */
INSERT INTO BIKE_AT_STATION(BIKE_STATION_ID, BIKE_ID, STATION_ID)
VALUES
(
589, 89, 9014
);

/* INSERT QUERY NO: 90 */
INSERT INTO BIKE_AT_STATION(BIKE_STATION_ID, BIKE_ID, STATION_ID)
VALUES
(
590, 90, 9009
);

/* INSERT QUERY NO: 91 */
INSERT INTO BIKE_AT_STATION(BIKE_STATION_ID, BIKE_ID, STATION_ID)
VALUES
(
591, 91, 9008
);

/* INSERT QUERY NO: 92 */
INSERT INTO BIKE_AT_STATION(BIKE_STATION_ID, BIKE_ID, STATION_ID)
VALUES
(
592, 92, 9004
);

/* INSERT QUERY NO: 93 */
INSERT INTO BIKE_AT_STATION(BIKE_STATION_ID, BIKE_ID, STATION_ID)
VALUES
(
593, 93, 9015
);

/* INSERT QUERY NO: 94 */
INSERT INTO BIKE_AT_STATION(BIKE_STATION_ID, BIKE_ID, STATION_ID)
VALUES
(
594, 94, 9004
);

/* INSERT QUERY NO: 95 */
INSERT INTO BIKE_AT_STATION(BIKE_STATION_ID, BIKE_ID, STATION_ID)
VALUES
(
595, 95, 9010
);

/* INSERT QUERY NO: 96 */
INSERT INTO BIKE_AT_STATION(BIKE_STATION_ID, BIKE_ID, STATION_ID)
VALUES
(
596, 96, 9010
);

/* INSERT QUERY NO: 97 */
INSERT INTO BIKE_AT_STATION(BIKE_STATION_ID, BIKE_ID, STATION_ID)
VALUES
(
597, 97, 9009
);

/* INSERT QUERY NO: 98 */
INSERT INTO BIKE_AT_STATION(BIKE_STATION_ID, BIKE_ID, STATION_ID)
VALUES
(
598, 98, 9015
);

/* INSERT QUERY NO: 99 */
INSERT INTO BIKE_AT_STATION(BIKE_STATION_ID, BIKE_ID, STATION_ID)
VALUES
(
599, 99, 9004
);

/* INSERT QUERY NO: 100 */
INSERT INTO BIKE_AT_STATION(BIKE_STATION_ID, BIKE_ID, STATION_ID)
VALUES
(
600, 100, 9004
);

/* INSERT QUERY NO: 101 */
INSERT INTO BIKE_AT_STATION(BIKE_STATION_ID, BIKE_ID, STATION_ID)
VALUES
(
601, 101, 9002
);

/* INSERT QUERY NO: 102 */
INSERT INTO BIKE_AT_STATION(BIKE_STATION_ID, BIKE_ID, STATION_ID)
VALUES
(
602, 102, 9015
);

/* INSERT QUERY NO: 103 */
INSERT INTO BIKE_AT_STATION(BIKE_STATION_ID, BIKE_ID, STATION_ID)
VALUES
(
603, 103, 9015
);

/* INSERT QUERY NO: 104 */
INSERT INTO BIKE_AT_STATION(BIKE_STATION_ID, BIKE_ID, STATION_ID)
VALUES
(
604, 104, 9015
);

/* INSERT QUERY NO: 105 */
INSERT INTO BIKE_AT_STATION(BIKE_STATION_ID, BIKE_ID, STATION_ID)
VALUES
(
605, 105, 9003
);

/* INSERT QUERY NO: 106 */
INSERT INTO BIKE_AT_STATION(BIKE_STATION_ID, BIKE_ID, STATION_ID)
VALUES
(
606, 106, 9010
);

/* INSERT QUERY NO: 107 */
INSERT INTO BIKE_AT_STATION(BIKE_STATION_ID, BIKE_ID, STATION_ID)
VALUES
(
607, 107, 9015
);

/* INSERT QUERY NO: 108 */
INSERT INTO BIKE_AT_STATION(BIKE_STATION_ID, BIKE_ID, STATION_ID)
VALUES
(
608, 108, 9015
);

/* INSERT QUERY NO: 109 */
INSERT INTO BIKE_AT_STATION(BIKE_STATION_ID, BIKE_ID, STATION_ID)
VALUES
(
609, 109, 9010
);

/* INSERT QUERY NO: 110 */
INSERT INTO BIKE_AT_STATION(BIKE_STATION_ID, BIKE_ID, STATION_ID)
VALUES
(
610, 110, 9015
);

/* INSERT QUERY NO: 111 */
INSERT INTO BIKE_AT_STATION(BIKE_STATION_ID, BIKE_ID, STATION_ID)
VALUES
(
611, 111, 9003
);

/* INSERT QUERY NO: 112 */
INSERT INTO BIKE_AT_STATION(BIKE_STATION_ID, BIKE_ID, STATION_ID)
VALUES
(
612, 112, 9010
);

/* INSERT QUERY NO: 113 */
INSERT INTO BIKE_AT_STATION(BIKE_STATION_ID, BIKE_ID, STATION_ID)
VALUES
(
613, 113, 9014
);

/* INSERT QUERY NO: 114 */
INSERT INTO BIKE_AT_STATION(BIKE_STATION_ID, BIKE_ID, STATION_ID)
VALUES
(
614, 114, 9010
);

/* INSERT QUERY NO: 115 */
INSERT INTO BIKE_AT_STATION(BIKE_STATION_ID, BIKE_ID, STATION_ID)
VALUES
(
615, 115, 9014
);

/* INSERT QUERY NO: 116 */
INSERT INTO BIKE_AT_STATION(BIKE_STATION_ID, BIKE_ID, STATION_ID)
VALUES
(
616, 116, 9014
);

/* INSERT QUERY NO: 117 */
INSERT INTO BIKE_AT_STATION(BIKE_STATION_ID, BIKE_ID, STATION_ID)
VALUES
(
617, 117, 9003
);

/* INSERT QUERY NO: 118 */
INSERT INTO BIKE_AT_STATION(BIKE_STATION_ID, BIKE_ID, STATION_ID)
VALUES
(
618, 118, 9014
);

/* INSERT QUERY NO: 119 */
INSERT INTO BIKE_AT_STATION(BIKE_STATION_ID, BIKE_ID, STATION_ID)
VALUES
(
619, 119, 9014
);

/* INSERT QUERY NO: 120 */
INSERT INTO BIKE_AT_STATION(BIKE_STATION_ID, BIKE_ID, STATION_ID)
VALUES
(
620, 120, 9003
);

-------------------------------------------------------------------------------------
-- RIDE TRANSACTION
---------------------------------------------------------------------------------------
DELETE FROM RIDE_TRANSACTION;
INSERT INTO RIDE_TRANSACTION(TRANS_ID, PAYMENT_ID, CUSTOMER_ID, BIKE_PICKUP_STATION, BIKE_DROP_STATION, TRANSACTION_DATE, START_TIME, END_TIME, BIKE_ID, DISTANCE, STATUS) VALUES(RIDETRANSACTIONSEQ.NEXTVAL,5001,1099,9003,9003,'30-Nov-2021',TO_DATE('07-Feb-2021 12:12 PM','DD-MON-YYYY HH:MI PM'),TO_DATE('26-Jun-2021 10:31 AM','DD-MON-YYYY HH:MI AM'),32,0,'COMPLETE');
INSERT INTO RIDE_TRANSACTION(TRANS_ID, PAYMENT_ID, CUSTOMER_ID, BIKE_PICKUP_STATION, BIKE_DROP_STATION, TRANSACTION_DATE, START_TIME, END_TIME, BIKE_ID, DISTANCE, STATUS) VALUES(RIDETRANSACTIONSEQ.NEXTVAL,5002,1033,9004,9005,'06-Dec-2021',TO_DATE('16-Jun-2021 8:26 PM','DD-MON-YYYY HH:MI PM'),TO_DATE('14-Jan-2020 10:50 AM','DD-MON-YYYY HH:MI AM'),1,0,'COMPLETE');
INSERT INTO RIDE_TRANSACTION(TRANS_ID, PAYMENT_ID, CUSTOMER_ID, BIKE_PICKUP_STATION, BIKE_DROP_STATION, TRANSACTION_DATE, START_TIME, END_TIME, BIKE_ID, DISTANCE, STATUS) VALUES(RIDETRANSACTIONSEQ.NEXTVAL,5003,1045,9005,9005,'23-May-2020',TO_DATE('11-May-2020 6:3 PM','DD-MON-YYYY HH:MI PM'),TO_DATE('09-Jul-2020 10:39 PM','DD-MON-YYYY HH:MI PM'),94,0,'COMPLETE');
INSERT INTO RIDE_TRANSACTION(TRANS_ID, PAYMENT_ID, CUSTOMER_ID, BIKE_PICKUP_STATION, BIKE_DROP_STATION, TRANSACTION_DATE, START_TIME, END_TIME, BIKE_ID, DISTANCE, STATUS) VALUES(RIDETRANSACTIONSEQ.NEXTVAL,5004,1022,9006,9006,'12-Dec-2020',TO_DATE('01-May-2021 12:27 PM','DD-MON-YYYY HH:MI PM'),TO_DATE('22-Sep-2020 7:43 PM','DD-MON-YYYY HH:MI PM'),68,0,'COMPLETE');
INSERT INTO RIDE_TRANSACTION(TRANS_ID, PAYMENT_ID, CUSTOMER_ID, BIKE_PICKUP_STATION, BIKE_DROP_STATION, TRANSACTION_DATE, START_TIME, END_TIME, BIKE_ID, DISTANCE, STATUS) VALUES(RIDETRANSACTIONSEQ.NEXTVAL,5005,1046,9013,9013,'03-Mar-2021',TO_DATE('11-Nov-2020 1:4 PM','DD-MON-YYYY HH:MI PM'),TO_DATE('19-Aug-2021 8:42 AM','DD-MON-YYYY HH:MI AM'),67,0,'COMPLETE');
INSERT INTO RIDE_TRANSACTION(TRANS_ID, PAYMENT_ID, CUSTOMER_ID, BIKE_PICKUP_STATION, BIKE_DROP_STATION, TRANSACTION_DATE, START_TIME, END_TIME, BIKE_ID, DISTANCE, STATUS) VALUES(RIDETRANSACTIONSEQ.NEXTVAL,5006,1022,9012,9013,'06-Feb-2021',TO_DATE('29-Nov-2020 10:45 AM','DD-MON-YYYY HH:MI AM'),TO_DATE('17-Nov-2020 11:37 AM','DD-MON-YYYY HH:MI AM'),107,10,'COMPLETE');
INSERT INTO RIDE_TRANSACTION(TRANS_ID, PAYMENT_ID, CUSTOMER_ID, BIKE_PICKUP_STATION, BIKE_DROP_STATION, TRANSACTION_DATE, START_TIME, END_TIME, BIKE_ID, DISTANCE, STATUS) VALUES(RIDETRANSACTIONSEQ.NEXTVAL,5007,1093,9002,9002,'07-Apr-2021',TO_DATE('11-Sep-2021 5:24 PM','DD-MON-YYYY HH:MI PM'),TO_DATE('03-Feb-2021 2:44 AM','DD-MON-YYYY HH:MI AM'),44,0,'COMPLETE');
INSERT INTO RIDE_TRANSACTION(TRANS_ID, PAYMENT_ID, CUSTOMER_ID, BIKE_PICKUP_STATION, BIKE_DROP_STATION, TRANSACTION_DATE, START_TIME, END_TIME, BIKE_ID, DISTANCE, STATUS) VALUES(RIDETRANSACTIONSEQ.NEXTVAL,5008,1055,9006,9006,'08-Mar-2022',TO_DATE('23-Oct-2020 12:31 PM','DD-MON-YYYY HH:MI PM'),TO_DATE('25-May-2021 4:20 AM','DD-MON-YYYY HH:MI AM'),15,0,'COMPLETE');
INSERT INTO RIDE_TRANSACTION(TRANS_ID, PAYMENT_ID, CUSTOMER_ID, BIKE_PICKUP_STATION, BIKE_DROP_STATION, TRANSACTION_DATE, START_TIME, END_TIME, BIKE_ID, DISTANCE, STATUS) VALUES(RIDETRANSACTIONSEQ.NEXTVAL,5009,1072,9002,9002,'17-Dec-2020',TO_DATE('29-Oct-2020 12:56 AM','DD-MON-YYYY HH:MI AM'),TO_DATE('18-Oct-2020 4:16 AM','DD-MON-YYYY HH:MI AM'),91,0,'COMPLETE');
INSERT INTO RIDE_TRANSACTION(TRANS_ID, PAYMENT_ID, CUSTOMER_ID, BIKE_PICKUP_STATION, BIKE_DROP_STATION, TRANSACTION_DATE, START_TIME, END_TIME, BIKE_ID, DISTANCE, STATUS) VALUES(RIDETRANSACTIONSEQ.NEXTVAL,5010,1057,9012,9012,'13-Jul-2021',TO_DATE('20-Oct-2020 11:3 AM','DD-MON-YYYY HH:MI AM'),TO_DATE('21-Jul-2020 1:57 PM','DD-MON-YYYY HH:MI PM'),101,0,'COMPLETE');
INSERT INTO RIDE_TRANSACTION(TRANS_ID, PAYMENT_ID, CUSTOMER_ID, BIKE_PICKUP_STATION, BIKE_DROP_STATION, TRANSACTION_DATE, START_TIME, END_TIME, BIKE_ID, DISTANCE, STATUS) VALUES(RIDETRANSACTIONSEQ.NEXTVAL,5011,1017,9012,9012,'18-Jan-2020',TO_DATE('10-Jun-2021 1:33 PM','DD-MON-YYYY HH:MI PM'),TO_DATE('15-Aug-2021 6:1 PM','DD-MON-YYYY HH:MI PM'),72,0,'COMPLETE');
INSERT INTO RIDE_TRANSACTION(TRANS_ID, PAYMENT_ID, CUSTOMER_ID, BIKE_PICKUP_STATION, BIKE_DROP_STATION, TRANSACTION_DATE, START_TIME, END_TIME, BIKE_ID, DISTANCE, STATUS) VALUES(RIDETRANSACTIONSEQ.NEXTVAL,5012,1024,9013,9013,'21-Feb-2022',TO_DATE('17-Jun-2020 1:56 PM','DD-MON-YYYY HH:MI PM'),TO_DATE('09-Nov-2020 1:54 PM','DD-MON-YYYY HH:MI PM'),59,0,'COMPLETE');
INSERT INTO RIDE_TRANSACTION(TRANS_ID, PAYMENT_ID, CUSTOMER_ID, BIKE_PICKUP_STATION, BIKE_DROP_STATION, TRANSACTION_DATE, START_TIME, END_TIME, BIKE_ID, DISTANCE, STATUS) VALUES(RIDETRANSACTIONSEQ.NEXTVAL,5013,1086,9012,9012,'09-Jun-2020',TO_DATE('11-Feb-2020 4:27 PM','DD-MON-YYYY HH:MI PM'),TO_DATE('17-Dec-2021 5:40 PM','DD-MON-YYYY HH:MI PM'),54,0,'COMPLETE');
INSERT INTO RIDE_TRANSACTION(TRANS_ID, PAYMENT_ID, CUSTOMER_ID, BIKE_PICKUP_STATION, BIKE_DROP_STATION, TRANSACTION_DATE, START_TIME, END_TIME, BIKE_ID, DISTANCE, STATUS) VALUES(RIDETRANSACTIONSEQ.NEXTVAL,5014,1021,9013,9013,'30-Apr-2020',TO_DATE('04-Mar-2020 1:39 AM','DD-MON-YYYY HH:MI AM'),TO_DATE('19-Sep-2020 6:26 AM','DD-MON-YYYY HH:MI AM'),52,0,'COMPLETE');
INSERT INTO RIDE_TRANSACTION(TRANS_ID, PAYMENT_ID, CUSTOMER_ID, BIKE_PICKUP_STATION, BIKE_DROP_STATION, TRANSACTION_DATE, START_TIME, END_TIME, BIKE_ID, DISTANCE, STATUS) VALUES(RIDETRANSACTIONSEQ.NEXTVAL,5015,1037,9013,9014,'28-Sep-2021',TO_DATE('29-Feb-2020 3:22 AM','DD-MON-YYYY HH:MI AM'),TO_DATE('23-Jan-2021 7:16 AM','DD-MON-YYYY HH:MI AM'),22,15,'COMPLETE');
INSERT INTO RIDE_TRANSACTION(TRANS_ID, PAYMENT_ID, CUSTOMER_ID, BIKE_PICKUP_STATION, BIKE_DROP_STATION, TRANSACTION_DATE, START_TIME, END_TIME, BIKE_ID, DISTANCE, STATUS) VALUES(RIDETRANSACTIONSEQ.NEXTVAL,5016,1032,9007,9007,'02-Mar-2021',TO_DATE('20-May-2020 12:36 AM','DD-MON-YYYY HH:MI AM'),TO_DATE('16-Mar-2021 12:42 AM','DD-MON-YYYY HH:MI AM'),100,0,'COMPLETE');
INSERT INTO RIDE_TRANSACTION(TRANS_ID, PAYMENT_ID, CUSTOMER_ID, BIKE_PICKUP_STATION, BIKE_DROP_STATION, TRANSACTION_DATE, START_TIME, END_TIME, BIKE_ID, DISTANCE, STATUS) VALUES(RIDETRANSACTIONSEQ.NEXTVAL,5017,1026,9011,9011,'31-Jan-2020',TO_DATE('06-Jan-2021 4:1 PM','DD-MON-YYYY HH:MI PM'),TO_DATE('17-May-2021 10:44 PM','DD-MON-YYYY HH:MI PM'),35,0,'COMPLETE');
INSERT INTO RIDE_TRANSACTION(TRANS_ID, PAYMENT_ID, CUSTOMER_ID, BIKE_PICKUP_STATION, BIKE_DROP_STATION, TRANSACTION_DATE, START_TIME, END_TIME, BIKE_ID, DISTANCE, STATUS) VALUES(RIDETRANSACTIONSEQ.NEXTVAL,5018,1028,9011,9011,'02-Mar-2021',TO_DATE('20-Jul-2021 6:53 PM','DD-MON-YYYY HH:MI PM'),TO_DATE('10-Aug-2020 7:1 AM','DD-MON-YYYY HH:MI AM'),37,0,'COMPLETE');
INSERT INTO RIDE_TRANSACTION(TRANS_ID, PAYMENT_ID, CUSTOMER_ID, BIKE_PICKUP_STATION, BIKE_DROP_STATION, TRANSACTION_DATE, START_TIME, END_TIME, BIKE_ID, DISTANCE, STATUS) VALUES(RIDETRANSACTIONSEQ.NEXTVAL,5019,1069,9009,9009,'14-May-2021',TO_DATE('30-Sep-2021 12:57 AM','DD-MON-YYYY HH:MI AM'),TO_DATE('06-Oct-2020 11:52 PM','DD-MON-YYYY HH:MI PM'),85,0,'COMPLETE');
INSERT INTO RIDE_TRANSACTION(TRANS_ID, PAYMENT_ID, CUSTOMER_ID, BIKE_PICKUP_STATION, BIKE_DROP_STATION, TRANSACTION_DATE, START_TIME, END_TIME, BIKE_ID, DISTANCE, STATUS) VALUES(RIDETRANSACTIONSEQ.NEXTVAL,5020,1036,9009,9009,'11-Mar-2022',TO_DATE('12-Feb-2021 7:37 PM','DD-MON-YYYY HH:MI PM'),TO_DATE('08-Nov-2020 3:24 PM','DD-MON-YYYY HH:MI PM'),70,10,'COMPLETE');
INSERT INTO RIDE_TRANSACTION(TRANS_ID, PAYMENT_ID, CUSTOMER_ID, BIKE_PICKUP_STATION, BIKE_DROP_STATION, TRANSACTION_DATE, START_TIME, END_TIME, BIKE_ID, DISTANCE, STATUS) VALUES(RIDETRANSACTIONSEQ.NEXTVAL,5021,1031,9004,9004,'11-Jan-2021',TO_DATE('01-Jan-2020 9:38 AM','DD-MON-YYYY HH:MI AM'),TO_DATE('13-Nov-2021 12:59 PM','DD-MON-YYYY HH:MI PM'),117,0,'COMPLETE');
INSERT INTO RIDE_TRANSACTION(TRANS_ID, PAYMENT_ID, CUSTOMER_ID, BIKE_PICKUP_STATION, BIKE_DROP_STATION, TRANSACTION_DATE, START_TIME, END_TIME, BIKE_ID, DISTANCE, STATUS) VALUES(RIDETRANSACTIONSEQ.NEXTVAL,5022,1075,9002,9002,'26-Jan-2022',TO_DATE('25-Apr-2020 11:59 AM','DD-MON-YYYY HH:MI AM'),TO_DATE('18-Dec-2021 2:31 PM','DD-MON-YYYY HH:MI PM'),118,0,'COMPLETE');
INSERT INTO RIDE_TRANSACTION(TRANS_ID, PAYMENT_ID, CUSTOMER_ID, BIKE_PICKUP_STATION, BIKE_DROP_STATION, TRANSACTION_DATE, START_TIME, END_TIME, BIKE_ID, DISTANCE, STATUS) VALUES(RIDETRANSACTIONSEQ.NEXTVAL,5023,1054,9013,9013,'21-Jul-2020',TO_DATE('03-Oct-2021 4:37 AM','DD-MON-YYYY HH:MI AM'),TO_DATE('21-Apr-2021 10:49 PM','DD-MON-YYYY HH:MI PM'),109,0,'COMPLETE');
INSERT INTO RIDE_TRANSACTION(TRANS_ID, PAYMENT_ID, CUSTOMER_ID, BIKE_PICKUP_STATION, BIKE_DROP_STATION, TRANSACTION_DATE, START_TIME, END_TIME, BIKE_ID, DISTANCE, STATUS) VALUES(RIDETRANSACTIONSEQ.NEXTVAL,5024,1041,9005,9005,'16-Jun-2021',TO_DATE('24-Jun-2021 12:31 AM','DD-MON-YYYY HH:MI AM'),TO_DATE('25-Feb-2022 11:4 PM','DD-MON-YYYY HH:MI PM'),69,0,'COMPLETE');
INSERT INTO RIDE_TRANSACTION(TRANS_ID, PAYMENT_ID, CUSTOMER_ID, BIKE_PICKUP_STATION, BIKE_DROP_STATION, TRANSACTION_DATE, START_TIME, END_TIME, BIKE_ID, DISTANCE, STATUS) VALUES(RIDETRANSACTIONSEQ.NEXTVAL,5025,1054,9008,9008,'24-Oct-2021',TO_DATE('16-Oct-2020 7:39 PM','DD-MON-YYYY HH:MI PM'),TO_DATE('27-Apr-2020 8:4 PM','DD-MON-YYYY HH:MI PM'),67,0,'COMPLETE');
INSERT INTO RIDE_TRANSACTION(TRANS_ID, PAYMENT_ID, CUSTOMER_ID, BIKE_PICKUP_STATION, BIKE_DROP_STATION, TRANSACTION_DATE, START_TIME, END_TIME, BIKE_ID, DISTANCE, STATUS) VALUES(RIDETRANSACTIONSEQ.NEXTVAL,5026,1087,9012,9012,'02-Nov-2021',TO_DATE('08-Apr-2022 2:24 AM','DD-MON-YYYY HH:MI AM'),TO_DATE('24-Oct-2020 10:31 PM','DD-MON-YYYY HH:MI PM'),88,0,'COMPLETE');
INSERT INTO RIDE_TRANSACTION(TRANS_ID, PAYMENT_ID, CUSTOMER_ID, BIKE_PICKUP_STATION, BIKE_DROP_STATION, TRANSACTION_DATE, START_TIME, END_TIME, BIKE_ID, DISTANCE, STATUS) VALUES(RIDETRANSACTIONSEQ.NEXTVAL,5027,1060,9011,9011,'30-Sep-2020',TO_DATE('03-Nov-2021 9:39 PM','DD-MON-YYYY HH:MI PM'),TO_DATE('17-Oct-2020 9:54 AM','DD-MON-YYYY HH:MI AM'),85,0,'COMPLETE');
INSERT INTO RIDE_TRANSACTION(TRANS_ID, PAYMENT_ID, CUSTOMER_ID, BIKE_PICKUP_STATION, BIKE_DROP_STATION, TRANSACTION_DATE, START_TIME, END_TIME, BIKE_ID, DISTANCE, STATUS) VALUES(RIDETRANSACTIONSEQ.NEXTVAL,5028,1089,9002,9002,'26-Oct-2021',TO_DATE('17-Jan-2022 2:7 PM','DD-MON-YYYY HH:MI PM'),TO_DATE('24-Aug-2021 12:54 PM','DD-MON-YYYY HH:MI PM'),29,0,'COMPLETE');
INSERT INTO RIDE_TRANSACTION(TRANS_ID, PAYMENT_ID, CUSTOMER_ID, BIKE_PICKUP_STATION, BIKE_DROP_STATION, TRANSACTION_DATE, START_TIME, END_TIME, BIKE_ID, DISTANCE, STATUS) VALUES(RIDETRANSACTIONSEQ.NEXTVAL,5029,1078,9013,9013,'30-Mar-2020',TO_DATE('06-Sep-2021 2:39 PM','DD-MON-YYYY HH:MI PM'),TO_DATE('26-Nov-2021 8:22 AM','DD-MON-YYYY HH:MI AM'),1,15,'COMPLETE');
INSERT INTO RIDE_TRANSACTION(TRANS_ID, PAYMENT_ID, CUSTOMER_ID, BIKE_PICKUP_STATION, BIKE_DROP_STATION, TRANSACTION_DATE, START_TIME, END_TIME, BIKE_ID, DISTANCE, STATUS) VALUES(RIDETRANSACTIONSEQ.NEXTVAL,5030,1042,9007,9007,'09-Jun-2020',TO_DATE('12-Feb-2022 8:15 AM','DD-MON-YYYY HH:MI AM'),TO_DATE('26-Jan-2022 5:40 AM','DD-MON-YYYY HH:MI AM'),9,0,'COMPLETE');
INSERT INTO RIDE_TRANSACTION(TRANS_ID, PAYMENT_ID, CUSTOMER_ID, BIKE_PICKUP_STATION, BIKE_DROP_STATION, TRANSACTION_DATE, START_TIME, END_TIME, BIKE_ID, DISTANCE, STATUS) VALUES(RIDETRANSACTIONSEQ.NEXTVAL,5031,1012,9010,9009,'30-Mar-2021',TO_DATE('05-Jul-2020 2:17 PM','DD-MON-YYYY HH:MI PM'),TO_DATE('23-Mar-2021 9:13 PM','DD-MON-YYYY HH:MI PM'),37,0,'COMPLETE');
INSERT INTO RIDE_TRANSACTION(TRANS_ID, PAYMENT_ID, CUSTOMER_ID, BIKE_PICKUP_STATION, BIKE_DROP_STATION, TRANSACTION_DATE, START_TIME, END_TIME, BIKE_ID, DISTANCE, STATUS) VALUES(RIDETRANSACTIONSEQ.NEXTVAL,5032,1033,9001,9001,'03-Aug-2021',TO_DATE('10-Apr-2021 12:35 AM','DD-MON-YYYY HH:MI AM'),TO_DATE('22-Feb-2020 8:30 AM','DD-MON-YYYY HH:MI AM'),2,0,'COMPLETE');
INSERT INTO RIDE_TRANSACTION(TRANS_ID, PAYMENT_ID, CUSTOMER_ID, BIKE_PICKUP_STATION, BIKE_DROP_STATION, TRANSACTION_DATE, START_TIME, END_TIME, BIKE_ID, DISTANCE, STATUS) VALUES(RIDETRANSACTIONSEQ.NEXTVAL,5033,1001,9003,9003,'09-Mar-2020',TO_DATE('10-Feb-2022 3:14 PM','DD-MON-YYYY HH:MI PM'),TO_DATE('05-Feb-2021 2:48 AM','DD-MON-YYYY HH:MI AM'),87,0,'COMPLETE');
INSERT INTO RIDE_TRANSACTION(TRANS_ID, PAYMENT_ID, CUSTOMER_ID, BIKE_PICKUP_STATION, BIKE_DROP_STATION, TRANSACTION_DATE, START_TIME, END_TIME, BIKE_ID, DISTANCE, STATUS) VALUES(RIDETRANSACTIONSEQ.NEXTVAL,5034,1099,9005,9005,'20-Aug-2021',TO_DATE('04-Dec-2021 2:24 PM','DD-MON-YYYY HH:MI PM'),TO_DATE('22-Oct-2021 8:13 AM','DD-MON-YYYY HH:MI AM'),36,0,'COMPLETE');
INSERT INTO RIDE_TRANSACTION(TRANS_ID, PAYMENT_ID, CUSTOMER_ID, BIKE_PICKUP_STATION, BIKE_DROP_STATION, TRANSACTION_DATE, START_TIME, END_TIME, BIKE_ID, DISTANCE, STATUS) VALUES(RIDETRANSACTIONSEQ.NEXTVAL,5035,1085,9005,9005,'28-Dec-2021',TO_DATE('21-Feb-2020 1:9 PM','DD-MON-YYYY HH:MI PM'),TO_DATE('31-Aug-2021 6:31 PM','DD-MON-YYYY HH:MI PM'),87,0,'COMPLETE');
INSERT INTO RIDE_TRANSACTION(TRANS_ID, PAYMENT_ID, CUSTOMER_ID, BIKE_PICKUP_STATION, BIKE_DROP_STATION, TRANSACTION_DATE, START_TIME, END_TIME, BIKE_ID, DISTANCE, STATUS) VALUES(RIDETRANSACTIONSEQ.NEXTVAL,5036,1079,9001,9001,'12-Sep-2021',TO_DATE('22-Sep-2020 6:59 PM','DD-MON-YYYY HH:MI PM'),TO_DATE('18-Sep-2021 10:33 PM','DD-MON-YYYY HH:MI PM'),80,10,'COMPLETE');
INSERT INTO RIDE_TRANSACTION(TRANS_ID, PAYMENT_ID, CUSTOMER_ID, BIKE_PICKUP_STATION, BIKE_DROP_STATION, TRANSACTION_DATE, START_TIME, END_TIME, BIKE_ID, DISTANCE, STATUS) VALUES(RIDETRANSACTIONSEQ.NEXTVAL,5037,1045,9008,9008,'14-Apr-2022',TO_DATE('29-Aug-2020 4:2 AM','DD-MON-YYYY HH:MI AM'),TO_DATE('08-Dec-2020 12:24 AM','DD-MON-YYYY HH:MI AM'),62,0,'COMPLETE');
INSERT INTO RIDE_TRANSACTION(TRANS_ID, PAYMENT_ID, CUSTOMER_ID, BIKE_PICKUP_STATION, BIKE_DROP_STATION, TRANSACTION_DATE, START_TIME, END_TIME, BIKE_ID, DISTANCE, STATUS) VALUES(RIDETRANSACTIONSEQ.NEXTVAL,5038,1088,9012,9012,'30-Dec-2021',TO_DATE('15-Feb-2021 12:46 PM','DD-MON-YYYY HH:MI PM'),TO_DATE('30-Sep-2021 3:29 PM','DD-MON-YYYY HH:MI PM'),98,0,'COMPLETE');
INSERT INTO RIDE_TRANSACTION(TRANS_ID, PAYMENT_ID, CUSTOMER_ID, BIKE_PICKUP_STATION, BIKE_DROP_STATION, TRANSACTION_DATE, START_TIME, END_TIME, BIKE_ID, DISTANCE, STATUS) VALUES(RIDETRANSACTIONSEQ.NEXTVAL,5039,1009,9002,9003,'01-Nov-2021',TO_DATE('10-Nov-2021 4:10 AM','DD-MON-YYYY HH:MI AM'),TO_DATE('09-Apr-2022 3:58 PM','DD-MON-YYYY HH:MI PM'),32,0,'COMPLETE');
INSERT INTO RIDE_TRANSACTION(TRANS_ID, PAYMENT_ID, CUSTOMER_ID, BIKE_PICKUP_STATION, BIKE_DROP_STATION, TRANSACTION_DATE, START_TIME, END_TIME, BIKE_ID, DISTANCE, STATUS) VALUES(RIDETRANSACTIONSEQ.NEXTVAL,5040,1033,9003,9003,'13-Mar-2022',TO_DATE('15-Jan-2020 7:4 AM','DD-MON-YYYY HH:MI AM'),TO_DATE('03-Jul-2020 9:37 AM','DD-MON-YYYY HH:MI AM'),12,0,'COMPLETE');
INSERT INTO RIDE_TRANSACTION(TRANS_ID, PAYMENT_ID, CUSTOMER_ID, BIKE_PICKUP_STATION, BIKE_DROP_STATION, TRANSACTION_DATE, START_TIME, END_TIME, BIKE_ID, DISTANCE, STATUS) VALUES(RIDETRANSACTIONSEQ.NEXTVAL,5041,1056,9003,9003,'29-Jul-2020',TO_DATE('26-Mar-2020 8:28 AM','DD-MON-YYYY HH:MI AM'),TO_DATE('10-Apr-2022 1:55 AM','DD-MON-YYYY HH:MI AM'),100,0,'COMPLETE');
INSERT INTO RIDE_TRANSACTION(TRANS_ID, PAYMENT_ID, CUSTOMER_ID, BIKE_PICKUP_STATION, BIKE_DROP_STATION, TRANSACTION_DATE, START_TIME, END_TIME, BIKE_ID, DISTANCE, STATUS) VALUES(RIDETRANSACTIONSEQ.NEXTVAL,5042,1012,9003,9003,'27-Jul-2021',TO_DATE('08-Sep-2020 9:40 AM','DD-MON-YYYY HH:MI AM'),TO_DATE('09-Sep-2020 11:53 PM','DD-MON-YYYY HH:MI PM'),37,0,'COMPLETE');
INSERT INTO RIDE_TRANSACTION(TRANS_ID, PAYMENT_ID, CUSTOMER_ID, BIKE_PICKUP_STATION, BIKE_DROP_STATION, TRANSACTION_DATE, START_TIME, END_TIME, BIKE_ID, DISTANCE, STATUS) VALUES(RIDETRANSACTIONSEQ.NEXTVAL,5043,1055,9001,9001,'04-Oct-2020',TO_DATE('12-Nov-2020 8:17 AM','DD-MON-YYYY HH:MI AM'),TO_DATE('20-Feb-2021 3:31 AM','DD-MON-YYYY HH:MI AM'),115,0,'COMPLETE');
INSERT INTO RIDE_TRANSACTION(TRANS_ID, PAYMENT_ID, CUSTOMER_ID, BIKE_PICKUP_STATION, BIKE_DROP_STATION, TRANSACTION_DATE, START_TIME, END_TIME, BIKE_ID, DISTANCE, STATUS) VALUES(RIDETRANSACTIONSEQ.NEXTVAL,5044,1034,9014,9015,'04-Nov-2020',TO_DATE('07-Jul-2021 2:59 PM','DD-MON-YYYY HH:MI PM'),TO_DATE('12-Mar-2022 9:13 AM','DD-MON-YYYY HH:MI AM'),100,10,'COMPLETE');
INSERT INTO RIDE_TRANSACTION(TRANS_ID, PAYMENT_ID, CUSTOMER_ID, BIKE_PICKUP_STATION, BIKE_DROP_STATION, TRANSACTION_DATE, START_TIME, END_TIME, BIKE_ID, DISTANCE, STATUS) VALUES(RIDETRANSACTIONSEQ.NEXTVAL,5045,1013,9002,9002,'10-Sep-2020',TO_DATE('15-Jan-2022 10:20 AM','DD-MON-YYYY HH:MI AM'),TO_DATE('11-Jan-2021 1:25 AM','DD-MON-YYYY HH:MI AM'),33,0,'COMPLETE');
INSERT INTO RIDE_TRANSACTION(TRANS_ID, PAYMENT_ID, CUSTOMER_ID, BIKE_PICKUP_STATION, BIKE_DROP_STATION, TRANSACTION_DATE, START_TIME, END_TIME, BIKE_ID, DISTANCE, STATUS) VALUES(RIDETRANSACTIONSEQ.NEXTVAL,5046,1004,9011,9011,'24-Jun-2020',TO_DATE('14-Jan-2021 10:34 AM','DD-MON-YYYY HH:MI AM'),TO_DATE('03-Jul-2021 4:59 AM','DD-MON-YYYY HH:MI AM'),19,0,'COMPLETE');
INSERT INTO RIDE_TRANSACTION(TRANS_ID, PAYMENT_ID, CUSTOMER_ID, BIKE_PICKUP_STATION, BIKE_DROP_STATION, TRANSACTION_DATE, START_TIME, END_TIME, BIKE_ID, DISTANCE, STATUS) VALUES(RIDETRANSACTIONSEQ.NEXTVAL,5047,1055,9012,9012,'18-Jul-2020',TO_DATE('25-Feb-2020 8:7 AM','DD-MON-YYYY HH:MI AM'),TO_DATE('29-Jan-2021 2:5 PM','DD-MON-YYYY HH:MI PM'),66,15,'COMPLETE');
INSERT INTO RIDE_TRANSACTION(TRANS_ID, PAYMENT_ID, CUSTOMER_ID, BIKE_PICKUP_STATION, BIKE_DROP_STATION, TRANSACTION_DATE, START_TIME, END_TIME, BIKE_ID, DISTANCE, STATUS) VALUES(RIDETRANSACTIONSEQ.NEXTVAL,5048,1047,9005,9005,'06-Feb-2020',TO_DATE('16-Sep-2020 2:30 PM','DD-MON-YYYY HH:MI PM'),TO_DATE('04-Aug-2020 4:25 PM','DD-MON-YYYY HH:MI PM'),84,0,'COMPLETE');
INSERT INTO RIDE_TRANSACTION(TRANS_ID, PAYMENT_ID, CUSTOMER_ID, BIKE_PICKUP_STATION, BIKE_DROP_STATION, TRANSACTION_DATE, START_TIME, END_TIME, BIKE_ID, DISTANCE, STATUS) VALUES(RIDETRANSACTIONSEQ.NEXTVAL,5049,1022,9002,9002,'03-Jul-2021',TO_DATE('30-Aug-2021 8:22 AM','DD-MON-YYYY HH:MI AM'),TO_DATE('17-Jan-2022 6:43 PM','DD-MON-YYYY HH:MI PM'),7,0,'COMPLETE');
INSERT INTO RIDE_TRANSACTION(TRANS_ID, PAYMENT_ID, CUSTOMER_ID, BIKE_PICKUP_STATION, BIKE_DROP_STATION, TRANSACTION_DATE, START_TIME, END_TIME, BIKE_ID, DISTANCE, STATUS) VALUES(RIDETRANSACTIONSEQ.NEXTVAL,5050,1002,9001,9001,'01-Dec-2021',TO_DATE('27-Sep-2020 12:26 PM','DD-MON-YYYY HH:MI PM'),TO_DATE('01-Nov-2020 1:49 AM','DD-MON-YYYY HH:MI AM'),87,0,'COMPLETE');

-------------------------------------Employee insert--------------------------
INSERT INTO EMPLOYEE(EMP_ID, FIRST_NAME )
VALUES(701, 'Harshad');

INSERT INTO EMPLOYEE(EMP_ID, FIRST_NAME )
VALUES(702, 'ASHISH');

INSERT INTO EMPLOYEE(EMP_ID, FIRST_NAME )
VALUES(703, 'SAMRUDDHI');

INSERT INTO EMPLOYEE(EMP_ID, FIRST_NAME )
VALUES(704, 'ASHWIN');

INSERT INTO EMPLOYEE(EMP_ID, FIRST_NAME )
VALUES(705, 'DALSI');

COMMIT;


-- SHOW TABLES
SELECT * FROM CUSTOMER;
SELECT * FROM CUSTOMER_ADDRESS;
SELECT * FROM BIKE;
SELECT * FROM STATION;
SELECT * FROM BIKE_AT_STATION;
SELECT * FROM DISCOUNT;
SELECT * FROM PAYMENT;
SELECT * FROM RIDE_TRANSACTION;

-- VIEWS 

SELECT * FROM REVENUE_PER_MONTH;
SELECT * FROM LOC_PERFORMANCE;
SELECT * FROM RIDE_BY_DAY;
select * from ride_frequency_monthly;
select * from ride_frequency_quarterly_cust;
select * from ride_frequency_weekly;
select * from ride_frequency_daily;